,0.99,760,0.99,16.5,0.99,0.77,0.09,2.7,0.09,0.8,0.24,13.818,0.24,45.0,0.39,26793,0.39,12,0.54,0.0,0.70,980.0,0.85,0.0,
,2.04,760,2.04,17.3,2.04,1.02,1.16,2.7,1.16,-0.8,1.32,13.724,1.32,45.0,1.46,27003,1.46,12,1.60,0.0,1.74,980.0,1.90,1.9,
,3.14,760,3.14,17.3,3.14,1.02,2.20,2.7,2.20,-1.5,2.35,13.912,2.35,45.0,2.51,27208,2.51,12,2.67,0.0,2.82,980.0,2.98,0.0,
1,4.19,760,4.19,16.5,4.19,0.77,3.27,2.7,3.27,0.0,3.41,13.724,3.41,45.0,3.56,27418,3.56,12,3.72,0.0,3.87,980.0,4.04,0.0,
,5.23,720,5.23,17.3,5.23,1.02,4.35,2.7,4.35,0.0,4.51,13.818,4.51,45.0,4.64,27629,4.64,12,4.79,0.0,4.94,980.0,5.09,0.0,
,6.29,720,6.29,17.3,6.29,1.02,5.37,2.7,5.37,-1.5,5.53,13.818,5.53,45.0,5.68,27833,5.68,12,5.84,0.0,5.98,980.0,6.14,0.0,
,7.33,760,7.33,16.5,7.33,0.77,6.43,2.7,6.43,0.0,6.57,13.818,6.57,45.0,6.73,28039,6.73,12,6.89,0.0,7.03,980.0,7.17,0.0,
,8.36,720,8.36,16.5,8.36,0.77,7.48,2.7,7.48,0.0,7.63,13.818,7.63,45.0,7.76,28241,7.76,12,7.94,0.0,8.08,980.0,8.22,0.0,
,9.39,760,9.39,17.3,9.39,1.02,8.52,2.7,8.52,-0.8,8.68,13.818,8.68,45.0,8.81,28447,8.81,12,8.95,0.0,9.11,980.0,9.25,0.0,
,10.45,720,10.45,16.5,10.45,0.77,9.53,2.7,9.53,-1.5,9.69,13.912,9.69,45.0,9.84,28649,9.84,12,10.00,0.0,10.14,980.0,10.30,0.0,
,11.49,760,11.49,16.5,11.49,0.77,10.59,2.7,10.59,0.0,10.73,13.818,10.73,45.0,10.89,28851,10.89,12,11.05,0.0,11.19,980.0,11.33,0.0,
,12.53,760,12.53,17.3,12.53,1.02,11.64,2.7,11.64,-0.8,11.79,13.912,11.79,45.0,11.92,29047,11.92,12,12.10,0.0,12.25,980.0,12.39,0.0,
,13.58,760,13.58,16.5,13.58,0.77,12.69,2.7,12.69,-2.3,12.84,13.818,12.84,45.0,12.97,29258,12.97,12,13.13,0.0,13.30,980.0,13.44,0.0,
,14.64,760,14.64,17.3,14.64,1.02,13.72,2.7,13.72,2.3,13.88,13.818,13.88,45.0,14.02,29462,14.02,12,14.18,0.0,14.33,980.0,14.49,0.0,
,15.71,720,15.71,17.3,15.71,1.02,14.78,2.7,14.78,0.0,14.93,13.724,14.93,45.0,15.09,29664,15.09,12,15.24,0.0,15.38,980.0,15.53,0.0,
,16.73,720,16.73,18.0,16.73,1.02,15.85,2.7,15.85,2.3,16.00,13.818,16.00,45.0,16.14,29885,16.14,12,16.30,0.0,16.44,980.0,16.58,0.0,
,17.78,760,17.78,17.3,17.78,1.02,16.88,3.1,16.88,-1.5,17.02,13.818,17.02,45.0,17.16,30096,17.16,12,17.31,0.0,17.48,980.0,17.63,0.0,
,18.85,760,18.85,17.3,18.85,1.02,17.91,2.7,17.91,-1.5,18.09,13.912,18.09,45.0,18.24,30313,18.24,12,18.38,0.0,18.52,980.0,18.68,0.0,
,19.90,720,19.90,17.3,19.90,0.77,18.99,2.7,18.99,0.8,19.13,13.724,19.13,45.0,19.29,30528,19.29,12,19.43,0.0,19.60,980.0,19.74,1.9,
,20.93,720,20.93,16.5,20.93,1.02,20.05,2.7,20.05,2.3,20.19,13.912,20.19,45.0,20.33,30731,20.33,12,20.49,0.0,20.64,980.0,20.77,0.0,
,21.96,840,21.96,24.1,21.96,1.28,21.10,4.7,21.10,3.8,21.24,13.724,21.24,45.0,21.39,30958,21.39,12,21.52,0.0,21.69,980.0,21.82,9.7,
,23.00,840,23.00,25.6,23.00,1.28,22.10,3.9,22.10,-4.5,22.26,13.724,22.26,45.0,22.40,31284,22.40,12,22.54,0.0,22.68,980.0,22.84,13.6,
,24.06,840,24.06,24.1,24.06,1.28,23.15,4.3,23.15,-5.3,23.29,13.912,23.29,45.0,23.45,31630,23.45,12,23.60,1.0,23.75,980.0,23.88,9.7,
,25.07,840,25.07,21.8,25.07,1.28,24.21,3.9,24.21,-4.5,24.35,13.818,24.35,45.0,24.49,31984,24.49,22,24.65,2.0,24.80,980.0,24.93,3.9,
,26.12,840,26.12,21.8,26.12,1.02,25.23,3.9,25.23,-3.8,25.38,13.912,25.38,45.0,25.52,32298,25.52,22,25.66,3.0,25.82,980.0,25.97,5.8,
,27.17,840,27.17,19.5,27.17,1.02,26.26,3.5,26.26,-5.3,26.42,13.818,26.42,45.0,26.58,32608,26.58,20,26.73,3.0,26.88,980.0,27.03,1.9,
,28.20,840,28.20,18.8,28.21,1.02,27.31,3.5,27.31,-5.3,27.45,13.818,27.45,45.0,27.61,109,27.61,20,27.75,4.0,27.89,980.0,28.04,1.9,
,29.23,760,29.23,18.8,29.23,1.02,28.35,3.1,28.35,-6.0,28.49,13.818,28.49,45.0,28.63,357,28.63,16,28.79,3.0,28.95,980.0,29.07,1.9,
,30.29,720,30.29,21.1,30.29,1.02,29.40,3.1,29.40,-0.8,29.55,13.724,29.55,45.0,29.69,581,29.69,16,29.83,0.0,30.00,980.0,30.13,1.9,
,31.38,1200,31.38,28.6,31.38,1.53,30.44,3.1,30.44,-1.5,30.60,13.724,30.60,45.0,30.76,838,30.76,16,30.90,0.0,31.07,980.0,31.24,21.3,
,32.40,1200,32.40,37.6,32.40,1.53,31.52,7.5,31.52,14.3,31.66,13.818,31.66,45.0,31.82,1335,31.82,16,31.96,0.0,32.10,980.0,32.24,50.4,
,33.43,1120,33.43,36.1,33.43,1.79,32.54,7.8,32.54,14.3,32.68,13.818,32.68,44.0,32.83,2003,32.83,16,32.98,4.0,33.14,990.0,33.29,48.5,
,34.49,1480,34.49,28.6,34.49,1.28,33.59,7.5,33.59,12.8,33.74,13.912,33.74,42.0,33.89,2715,33.89,40,34.02,8.0,34.20,990.0,34.35,46.6,
,35.52,1640,35.52,26.3,35.52,1.53,34.63,6.7,34.63,21.0,34.79,13.818,34.79,41.0,34.94,3466,34.94,40,35.07,10.0,35.21,990.0,35.37,21.3,
,36.59,1160,36.59,37.6,36.59,1.53,35.66,8.6,35.66,-0.8,35.80,13.912,35.80,41.0,35.97,4152,35.97,46,36.10,11.0,36.26,1000.0,36.42,52.4,
,37.64,1280,37.64,30.1,37.64,1.28,36.75,7.8,36.75,12.0,36.88,13.912,36.88,41.0,37.04,4879,37.04,46,37.21,13.0,37.36,1000.0,37.51,48.5,
,38.71,1280,38.71,25.6,38.71,1.28,37.81,5.9,37.81,17.3,37.95,13.818,37.95,40.0,38.10,5594,38.10,46,38.25,14.0,38.42,990.0,38.58,25.2,
,39.77,1360,39.77,23.3,39.77,1.28,38.87,6.3,38.87,18.8,39.04,13.912,39.04,40.0,39.18,6131,39.18,46,39.32,15.0,39.46,990.0,39.63,25.2,
,40.78,1360,40.78,17.3,40.78,1.02,39.90,5.1,39.90,21.0,40.04,13.912,40.04,40.0,40.20,6624,40.20,46,40.34,16.0,40.48,990.0,40.63,5.8,
,41.81,1200,41.81,14.3,41.81,0.00,40.94,3.9,40.94,21.8,41.09,13.912,41.09,41.0,41.23,6993,41.23,32,41.39,15.0,41.53,990.0,41.67,0.0,
,42.84,1160,42.84,15.8,42.84,0.77,41.98,3.5,41.98,-9.8,42.12,13.912,42.12,41.0,42.26,7120,42.26,32,42.40,14.0,42.56,990.0,42.70,0.0,
,43.91,1080,43.91,18.8,43.91,1.02,42.99,3.9,42.99,18.0,43.14,14.006,43.14,42.0,43.29,7331,43.29,12,43.44,12.0,43.59,980.0,43.75,9.7,
,44.95,1080,44.95,18.0,44.95,1.02,44.06,4.3,44.06,18.8,44.20,13.912,44.20,42.0,44.36,7673,44.36,12,44.51,12.0,44.65,980.0,44.79,9.7,
,46.00,1000,46.00,14.3,46.00,0.77,45.11,4.3,45.11,18.0,45.26,13.912,45.26,42.0,45.40,8010,45.40,20,45.56,12.0,45.71,980.0,45.86,0.0,
,47.07,1280,47.07,48.1,47.07,1.79,46.17,3.1,46.17,3.0,46.32,13.912,46.32,42.0,46.46,8248,46.46,20,46.60,12.0,46.76,980.0,46.92,48.5,
,48.09,1720,48.09,88.7,48.09,2.55,47.21,14.1,47.21,12.0,47.37,13.912,47.37,42.0,47.51,9010,47.51,20,47.66,14.0,47.79,1000.0,47.95,153.3,
,49.13,2400,49.13,103.8,49.13,2.81,48.23,87.5,48.23,3.8,48.37,13.912,48.37,41.0,48.53,11204,48.53,42,48.67,22.0,48.81,1290.0,48.96,195.9,
,50.14,1960,50.14,115.0,50.14,3.31,49.28,27.8,49.28,6.8,49.42,13.912,49.42,38.0,49.56,14604,49.56,42,49.72,29.0,49.86,1320.0,50.01,199.8,
,51.19,2320,51.19,118.8,51.19,3.31,50.32,38.0,50.32,-0.8,50.47,13.818,50.47,36.0,50.61,18117,50.61,208,50.75,35.0,50.90,1370.0,51.06,217.3,
,52.24,2720,52.24,91.0,52.24,2.81,51.35,100.0,51.35,2.3,51.51,13.912,51.51,35.0,51.66,22228,51.66,208,51.80,42.0,51.93,1370.0,52.09,174.6,
,53.26,2120,53.26,86.5,53.26,2.55,52.38,24.7,52.38,11.3,52.52,14.006,52.52,33.0,52.68,26232,52.68,268,52.82,47.0,52.96,1290.0,53.10,149.4,
,54.29,2280,54.29,90.2,54.29,2.55,53.42,23.1,53.42,7.5,53.57,14.006,53.57,33.0,53.71,29134,53.71,268,53.87,51.0,54.01,1280.0,54.16,168.8,
,55.32,2400,55.32,84.2,55.32,2.29,54.46,23.9,54.46,9.8,54.60,13.912,54.60,32.0,54.74,32199,54.74,268,54.88,55.0,55.04,1290.0,55.19,159.1,
,56.35,2000,56.35,81.2,56.35,2.29,55.47,21.6,55.47,10.5,55.62,13.912,55.62,32.0,55.76,2539,55.76,204,55.90,58.0,56.04,1300.0,56.20,153.3,
,57.42,2000,57.42,84.2,57.42,2.55,56.50,20.8,56.50,9.0,56.64,13.912,56.64,31.0,56.81,5179,56.81,204,56.97,60.0,57.12,1260.0,57.26,157.1,
,58.46,2080,58.46,78.9,58.46,2.29,57.58,20.8,57.58,8.3,57.73,13.912,57.73,31.0,57.87,7846,57.87,186,58.03,63.0,58.18,1260.0,58.33,147.4,
,59.55,1960,59.55,76.7,59.55,2.29,58.64,19.2,58.64,10.5,58.79,13.912,58.79,31.0,58.93,10454,58.93,186,59.10,65.0,59.26,1240.0,59.41,108.6,
,60.61,1760,60.61,82.0,60.61,2.55,59.69,17.3,59.69,9.8,59.85,13.912,59.85,31.0,60.00,12864,60.00,168,60.15,66.0,60.28,1210.0,60.45,153.3,
,61.61,1800,61.61,80.5,61.61,2.29,60.74,20.0,60.75,7.5,60.88,13.912,60.89,31.0,61.04,15153,61.04,168,61.20,68.0,61.32,1210.0,61.45,147.4,
,62.64,1840,62.64,63.9,62.64,2.04,61.76,19.2,61.77,8.3,61.92,14.006,61.92,31.0,62.06,17366,62.06,168,62.24,69.0,62.37,1200.0,62.50,116.4,
,63.69,1840,63.69,70.7,63.69,2.04,62.80,16.1,62.80,12.0,62.96,14.006,62.96,31.0,63.09,19295,63.09,148,63.24,70.0,63.40,1160.0,63.55,122.2,
,64.74,1880,64.74,69.9,64.74,2.04,63.83,17.6,63.83,10.5,63.99,14.006,63.99,31.0,64.13,21285,64.13,148,64.29,71.0,64.42,1170.0,64.59,122.2,
,65.80,1920,65.80,69.2,65.80,2.04,64.89,17.6,64.89,10.5,65.03,14.006,65.03,31.0,65.21,23429,65.21,132,65.36,72.0,65.50,1180.0,65.64,124.2,
,66.83,1920,66.83,61.7,66.83,1.79,65.94,17.3,65.94,10.5,66.08,14.006,66.08,31.0,66.22,25428,66.22,132,66.38,73.0,66.51,1180.0,66.67,110.6,
,67.86,1960,67.86,66.9,67.86,1.79,66.99,15.3,66.99,12.0,67.12,14.006,67.12,31.0,67.27,27376,67.27,134,67.42,74.0,67.56,1160.0,67.72,116.4,
,68.93,2000,68.93,66.2,68.93,2.04,68.01,16.5,68.01,11.3,68.16,13.912,68.16,31.0,68.32,29315,68.32,134,68.47,75.0,68.62,1170.0,68.77,116.4,
,69.99,2000,69.99,65.4,69.99,2.04,69.07,16.9,69.07,12.0,69.22,13.912,69.22,31.0,69.37,31325,69.37,130,69.53,76.0,69.68,1180.0,69.81,116.4,
,71.01,1800,71.01,71.4,71.01,2.04,70.13,16.1,70.13,12.0,70.29,14.006,70.29,31.0,70.41,566,70.41,130,70.60,77.0,70.75,1180.0,70.88,97.0,
,72.05,1720,72.05,75.9,72.05,2.29,71.18,16.5,71.18,9.8,71.33,14.006,71.33,31.0,71.46,2443,71.46,130,71.60,78.0,71.76,1170.0,71.91,135.8,
,73.13,1720,73.13,74.4,73.13,2.04,72.18,18.4,72.18,9.0,72.36,14.006,72.36,30.0,72.49,4445,72.49,128,72.65,79.0,72.80,1180.0,72.97,131.9,
,74.17,1760,74.17,91.0,74.17,2.81,73.26,18.8,73.26,9.8,73.41,13.818,73.41,30.0,73.56,6476,73.56,128,73.71,80.0,73.85,1180.0,74.00,135.8,
,75.22,2120,75.22,127.8,75.22,4.34,74.32,73.7,74.32,3.0,74.48,14.006,74.48,30.0,74.62,8954,74.62,136,74.78,81.0,74.93,1360.0,75.07,223.1,
,76.23,2240,76.23,124.8,76.23,3.83,75.37,100.0,75.37,1.5,75.51,14.006,75.51,30.0,75.65,12560,75.65,136,75.79,83.0,75.95,1460.0,76.09,225.0,
,77.31,2320,77.31,122.6,77.31,3.31,76.37,100.0,76.37,3.0,76.53,14.006,76.53,30.0,76.68,16671,76.68,248,76.83,87.0,76.98,1450.0,77.14,225.0,
,78.37,2400,78.37,16.5,78.37,0.51,77.45,100.0,77.45,3.8,77.59,13.818,77.59,30.0,77.75,21118,77.75,248,77.91,90.0,78.06,1260.0,78.20,60.1,
,79.41,2040,79.41,11.3,79.41,0.00,78.52,5.9,78.52,-3.0,78.67,14.006,78.67,28.0,78.81,23108,78.81,248,78.98,90.0,79.14,1040.0,79.27,0.0,
,80.46,1920,80.46,17.3,80.46,0.77,79.57,4.3,79.57,7.5,79.72,14.006,79.72,30.0,79.86,23234,79.86,194,80.00,88.0,80.17,1010.0,80.30,5.8,
,81.49,1920,81.49,30.1,81.49,1.79,80.61,6.7,80.61,24.0,80.77,14.006,80.77,30.0,80.91,23776,80.91,194,81.05,88.0,81.20,1000.0,81.35,36.9,
,82.55,1880,82.55,51.1,82.55,1.53,81.63,9.8,81.63,18.8,81.77,14.006,81.77,32.0,81.94,24679,81.94,28,82.09,87.0,82.23,1010.0,82.37,75.7,
,83.59,1920,83.59,62.4,83.59,1.79,82.70,14.5,82.70,14.3,82.84,13.912,82.84,32.0,82.98,26063,82.98,28,83.14,87.0,83.31,1080.0,83.45,108.6,
,84.61,1920,84.61,66.9,84.61,2.04,83.75,15.7,83.75,12.0,83.89,13.912,83.89,31.0,84.03,27773,84.03,92,84.17,87.0,84.34,1130.0,84.47,112.5,
,85.64,1920,85.64,69.2,85.64,2.29,84.75,16.9,84.75,11.3,84.91,14.006,84.91,31.0,85.06,29559,85.06,92,85.20,88.0,85.35,1170.0,85.50,128.0,
,86.71,1960,86.71,72.9,86.71,2.04,85.78,16.9,85.78,11.3,85.92,14.006,85.92,30.0,86.08,31653,86.08,92,86.23,89.0,86.37,1190.0,86.52,130.0,
,87.75,1960,87.75,71.4,87.75,2.04,86.86,17.6,86.86,10.5,87.00,14.006,87.00,29.0,87.14,1056,87.14,128,87.30,89.0,87.47,1210.0,87.61,128.0,
,88.78,1960,88.78,72.2,88.78,2.04,87.91,17.3,87.91,10.5,88.05,14.006,88.05,29.0,88.19,3203,88.19,128,88.33,90.0,88.50,1210.0,88.64,130.0,
,89.86,2000,89.86,71.4,89.86,2.04,88.93,17.6,88.93,10.5,89.10,14.006,89.10,28.0,89.26,5435,89.26,142,89.39,91.0,89.55,1210.0,89.71,128.0,
,90.91,2000,90.91,48.1,90.91,1.53,90.00,15.7,90.00,12.0,90.14,14.006,90.14,28.0,90.30,7582,90.30,142,90.45,91.0,90.60,1180.0,90.75,83.4,
,91.92,2000,91.92,45.1,91.92,1.53,91.05,11.8,91.05,15.8,91.19,14.006,91.19,28.0,91.34,9164,91.34,134,91.49,91.0,91.64,1110.0,91.78,73.7,
,92.94,2000,92.94,45.1,92.94,1.53,92.08,11.8,92.08,15.8,92.22,14.006,92.22,29.0,92.37,10477,92.37,134,92.50,91.0,92.67,1090.0,92.81,73.7,
,93.98,1960,93.98,44.4,93.98,1.53,93.08,11.8,93.08,15.8,93.23,14.006,93.24,30.0,93.38,11706,93.38,86,93.51,91.0,93.67,1080.0,93.82,73.7,
,95.03,2000,95.03,44.4,95.03,1.53,94.13,11.8,94.13,16.5,94.26,13.912,94.26,30.0,94.42,12972,94.42,86,94.57,90.0,94.74,1070.0,94.87,71.8,
,96.04,1960,96.04,52.6,96.04,1.53,95.18,11.8,95.18,15.8,95.31,14.006,95.31,30.0,95.45,14259,95.45,86,95.61,90.0,95.77,1070.0,95.88,85.4,
,97.10,1960,97.10,55.6,97.10,1.53,96.21,13.7,96.21,14.3,96.36,14.006,96.36,30.0,96.50,15659,96.50,84,96.64,90.0,96.82,1100.0,96.95,97.0,
,98.14,1960,98.14,55.6,98.14,1.79,97.24,14.1,97.24,13.5,97.40,14.006,97.40,30.0,97.54,17271,97.54,84,97.68,90.0,97.84,1120.0,97.99,97.0,
,99.23,1960,99.23,60.9,99.23,1.79,98.29,14.1,98.29,13.5,98.43,14.006,98.43,30.0,98.59,18939,98.59,106,98.74,90.0,98.91,1130.0,99.06,104.8,
,100.23,2000,100.23,58.6,100.23,1.79,99.39,15.3,99.39,12.8,99.51,14.006,99.51,30.0,99.67,20739,99.67,106,99.81,91.0,99.95,1150.0,100.09,104.8,
,101.26,2000,101.26,59.4,101.26,1.79,100.40,14.5,100.40,13.5,100.54,14.006,100.54,29.0,100.70,22514,100.70,116,100.82,91.0,100.98,1150.0,101.12,104.8,
,102.29,2000,102.29,57.9,102.29,1.79,101.40,14.9,101.40,13.5,101.56,14.006,101.56,29.0,101.72,24253,101.72,116,101.84,91.0,102.00,1150.0,102.15,100.9,
,103.38,2000,103.38,58.6,103.38,1.79,102.44,14.5,102.44,13.5,102.59,14.006,102.59,29.0,102.75,26019,102.75,116,102.92,91.0,103.07,1150.0,103.22,102.8,
,104.39,2000,104.39,57.9,104.39,1.79,103.53,14.5,103.53,13.5,103.67,13.912,103.67,28.0,103.83,27859,103.83,118,103.97,92.0,104.12,1150.0,104.25,100.9,
,105.45,2040,105.45,58.6,105.45,1.53,104.55,14.5,104.55,13.5,104.69,13.818,104.69,28.0,104.85,29602,104.85,118,104.97,92.0,105.15,1150.0,105.31,100.9,
,106.50,2040,106.50,58.6,106.50,1.79,105.59,14.9,105.59,13.5,105.74,14.100,105.74,28.0,105.92,31455,105.92,120,106.06,92.0,106.19,1150.0,106.35,102.8,
,107.51,2040,107.51,58.6,107.51,1.79,106.64,14.9,106.64,13.5,106.78,14.100,106.78,28.0,106.95,484,106.95,120,107.07,93.0,107.22,1150.0,107.36,100.9,
,108.55,2040,108.55,57.9,108.55,1.53,107.66,14.9,107.66,13.5,107.81,13.912,107.81,28.0,107.96,2220,107.96,120,108.10,93.0,108.27,1160.0,108.42,100.9,
,109.59,2080,109.59,58.6,109.59,1.79,108.71,14.5,108.71,13.5,108.86,14.100,108.86,27.0,108.99,4049,108.99,120,109.13,94.0,109.31,1150.0,109.45,100.9,
,110.63,2080,110.63,58.6,110.63,1.79,109.73,14.9,109.73,13.5,109.91,14.006,109.91,27.0,110.06,5906,110.06,120,110.19,94.0,110.33,1160.0,110.49,100.9,
,111.67,2080,111.67,58.6,111.67,1.79,110.77,14.9,110.77,13.5,110.91,14.006,110.91,27.0,111.07,7699,111.07,122,111.23,95.0,111.37,1160.0,111.51,102.8,
,112.72,2080,112.72,57.1,112.72,1.79,111.82,14.9,111.82,13.5,111.96,13.912,111.96,27.0,112.09,9553,112.09,122,112.25,95.0,112.43,1160.0,112.57,100.9,
,113.77,2120,113.77,57.1,113.77,1.53,112.88,14.9,112.88,14.3,113.02,14.100,113.02,27.0,113.17,11441,113.17,124,113.30,96.0,113.48,1160.0,113.63,98.9,
,114.82,2120,114.82,58.6,114.82,1.53,113.92,14.9,113.92,14.3,114.08,14.100,114.08,27.0,114.24,13351,114.24,124,114.38,97.0,114.52,1160.0,114.68,100.9,
,115.85,2160,115.85,57.9,115.85,1.79,114.96,14.9,114.96,13.5,115.10,13.912,115.10,27.0,115.28,15205,115.28,124,115.41,97.0,115.55,1160.0,115.69,98.9,
,116.86,2160,116.86,56.4,116.86,1.53,115.99,14.5,115.99,13.5,116.13,14.100,116.13,27.0,116.26,17017,116.26,124,116.43,98.0,116.58,1160.0,116.72,98.9,
,117.88,2160,117.88,57.1,117.88,1.53,117.02,14.5,117.02,14.3,117.16,14.100,117.16,27.0,117.30,18858,117.30,124,117.43,98.0,117.59,1160.0,117.74,98.9,
,118.92,2160,118.92,58.6,118.92,1.79,118.02,14.9,118.02,14.3,118.18,14.100,118.18,27.0,118.32,20699,118.32,124,118.46,99.0,118.60,1170.0,118.76,100.9,
,119.98,2200,119.98,56.4,119.98,1.79,119.07,14.9,119.07,14.3,119.21,14.100,119.21,27.0,119.37,22618,119.37,124,119.52,99.0,119.68,1170.0,119.82,97.0,
,121.00,2200,121.00,56.4,121.00,1.53,120.12,14.5,120.12,14.3,120.26,14.006,120.26,27.0,120.40,24487,120.40,126,120.56,100.0,120.72,1170.0,120.85,97.0,
,122.06,2200,122.06,57.1,122.06,1.53,121.17,14.5,121.17,14.3,121.31,14.100,121.31,26.0,121.45,26382,121.45,126,121.59,100.0,121.75,1170.0,121.91,97.0,
,123.09,2200,123.09,56.4,123.09,1.79,122.20,14.5,122.20,14.3,122.36,14.006,122.36,26.0,122.51,28323,122.51,128,122.65,101.0,122.80,1170.0,122.95,97.0,
,124.13,2200,124.13,56.4,124.13,1.53,123.23,14.5,123.23,14.3,123.37,14.006,123.37,26.0,123.53,30190,123.53,128,123.68,101.0,123.82,1170.0,123.95,97.0,
,125.19,2240,125.19,55.6,125.19,1.53,124.28,14.5,124.28,14.3,124.42,14.100,124.42,26.0,124.56,32061,124.56,126,124.72,102.0,124.89,1170.0,125.04,97.0,
,126.26,2240,126.26,55.6,126.26,1.79,125.35,14.5,125.35,14.3,125.50,14.006,125.50,26.0,125.65,1296,125.65,126,125.78,102.0,125.96,1170.0,126.12,95.1,
,127.34,2240,127.34,55.6,127.35,1.53,126.40,14.9,126.40,15.0,126.55,14.100,126.56,26.0,126.72,3277,126.73,126,126.87,102.0,127.03,1170.0,127.21,95.1,
,128.43,2240,128.43,55.6,128.43,1.53,127.50,14.9,127.50,15.0,127.65,14.100,127.65,26.0,127.80,5237,127.80,128,127.98,102.0,128.11,1170.0,128.27,98.9,
,129.47,2240,129.47,55.6,129.47,1.79,128.58,14.9,128.58,15.0,128.72,14.006,128.72,26.0,128.86,7234,128.86,128,129.02,102.0,129.16,1170.0,129.32,98.9,
,130.51,2240,130.51,56.4,130.51,1.53,129.63,14.5,129.63,15.0,129.77,14.006,129.77,25.0,129.91,9183,129.91,128,130.07,102.0,130.21,1170.0,130.36,97.0,
,131.53,2240,131.53,55.6,131.53,1.79,130.64,14.9,130.64,15.0,130.80,13.818,130.80,25.0,130.94,11051,130.94,128,131.10,102.0,131.22,1170.0,131.40,97.0,
,132.55,2240,132.55,56.4,132.55,1.53,131.67,14.9,131.67,15.0,131.81,14.100,131.81,25.0,131.97,12997,131.97,128,132.11,102.0,132.25,1170.0,132.41,97.0,
,133.55,2200,133.55,56.4,133.55,1.53,132.69,14.9,132.69,14.3,132.83,14.006,132.83,25.0,132.97,14831,132.97,128,133.13,102.0,133.27,1180.0,133.41,97.0,
,134.61,2200,134.61,57.1,134.61,1.79,133.71,14.5,133.71,14.3,133.86,14.100,133.86,25.0,134.00,16707,134.00,128,134.15,101.0,134.32,1170.0,134.49,97.0,
,135.67,2200,135.67,56.4,135.67,1.53,134.77,14.9,134.77,13.5,134.93,13.912,134.93,25.0,135.08,18713,135.08,128,135.22,101.0,135.36,1170.0,135.54,97.0,
,136.71,2200,136.71,56.4,136.71,1.53,135.81,14.9,135.81,13.5,135.96,14.006,135.96,25.0,136.12,20596,136.12,128,136.27,100.0,136.41,1180.0,136.57,98.9,
,137.70,2160,137.70,57.1,137.70,1.53,136.85,14.5,136.85,14.3,136.99,14.100,136.99,25.0,137.13,22465,137.13,130,137.29,100.0,137.43,1170.0,137.57,98.9,
,138.73,2160,138.73,57.9,138.73,1.79,137.86,14.5,137.86,13.5,138.00,14.100,138.00,25.0,138.14,24315,138.14,130,138.28,99.0,138.44,1170.0,138.59,98.9,
,139.79,2120,139.79,57.1,139.79,1.53,138.89,14.9,138.89,13.5,139.03,13.912,139.03,25.0,139.19,26231,139.19,128,139.34,98.0,139.48,1170.0,139.64,98.9,
,140.84,2120,140.84,58.6,140.84,1.79,139.96,14.9,139.96,13.5,140.09,14.100,140.09,25.0,140.25,28145,140.25,128,140.40,97.0,140.54,1170.0,140.68,100.9,
,141.85,2080,141.85,59.4,141.85,1.79,141.00,14.9,141.00,13.5,141.13,14.100,141.13,24.0,141.26,29970,141.26,128,141.42,96.0,141.57,1170.0,141.71,100.9,
,142.90,2080,142.90,58.6,142.90,1.79,142.03,14.9,142.03,13.5,142.16,14.100,142.16,24.0,142.31,31867,142.31,126,142.46,95.0,142.62,1170.0,142.76,102.8,
,143.97,2040,143.97,59.4,143.97,1.79,143.04,14.9,143.04,13.5,143.20,14.100,143.20,24.0,143.36,952,143.36,126,143.51,94.0,143.65,1170.0,143.81,102.8,
,145.07,2000,145.07,60.2,145.07,1.79,144.14,14.9,144.14,13.5,144.29,14.100,144.29,24.0,144.46,2862,144.46,124,144.63,93.0,144.75,1160.0,144.91,104.8,
,146.11,2160,146.11,62.4,146.11,1.79,145.22,15.3,145.22,13.5,145.36,14.100,145.36,24.0,145.50,4739,145.50,124,145.66,92.0,145.80,1170.0,145.95,108.6,
,147.16,2360,147.16,61.7,147.16,1.79,146.26,16.5,146.26,14.3,146.43,13.912,146.43,24.0,146.56,6728,146.56,124,146.71,91.0,146.86,1220.0,147.01,108.6,
,148.19,2360,148.19,66.2,148.19,2.04,147.30,16.1,147.30,14.3,147.46,14.100,147.46,24.0,147.61,9032,147.61,124,147.76,90.0,147.88,1230.0,148.05,114.5,
,149.27,2320,149.27,72.9,149.27,2.04,148.34,17.3,148.34,13.5,148.48,14.006,148.48,24.0,148.66,11360,148.66,154,148.81,90.0,148.96,1270.0,149.10,133.9,
,150.34,2320,150.34,76.7,150.34,2.04,149.42,18.0,149.42,12.0,149.57,13.912,149.57,23.0,149.69,13933,149.69,154,149.87,89.0,150.03,1290.0,150.18,133.9,
,151.41,2320,151.41,79.7,151.41,2.29,150.49,19.2,150.49,11.3,150.65,14.100,150.65,23.0,150.79,16714,150.79,154,150.94,89.0,151.10,1300.0,151.25,143.6,
,152.47,2320,152.47,80.5,152.47,2.29,151.55,19.6,151.55,11.3,151.71,14.100,151.71,22.0,151.87,19687,151.87,176,152.01,89.0,152.18,1310.0,152.33,147.4,
,153.49,2320,153.49,82.7,153.49,2.29,152.62,20.0,152.62,10.5,152.76,14.100,152.76,21.0,152.91,22540,152.91,176,153.05,89.0,153.21,1280.0,153.33,151.3,
,154.52,2320,154.52,80.5,154.52,2.29,153.64,21.2,153.64,10.5,153.77,14.100,153.77,21.0,153.92,25411,153.92,194,154.07,89.0,154.24,1290.0,154.36,151.3,
,155.57,2320,155.57,61.7,155.57,1.79,154.69,19.2,154.69,11.3,154.84,14.006,154.84,21.0,154.98,28384,154.98,194,155.12,89.0,155.27,1260.0,155.41,106.7,
,156.60,2320,156.60,54.1,156.60,1.53,155.73,16.1,155.73,14.3,155.88,14.006,155.88,21.0,156.03,30689,156.03,182,156.16,89.0,156.32,1230.0,156.46,97.0,
,157.68,2280,157.68,56.4,157.68,1.79,156.75,13.7,156.75,15.0,156.90,14.100,156.90,22.0,157.07,32678,157.07,182,157.22,88.0,157.38,1170.0,157.52,93.1,
,158.73,2240,158.73,42.9,158.73,1.28,157.83,14.9,157.83,15.0,157.98,14.100,157.98,23.0,158.13,1823,158.13,132,158.28,87.0,158.44,1180.0,158.58,81.5,
,159.78,2160,159.78,12.0,159.79,0.51,158.89,7.8,158.89,19.5,159.04,14.100,159.04,23.0,159.19,3378,159.19,132,159.32,85.0,159.50,1040.0,159.65,0.0,
,160.86,2080,160.86,12.0,160.87,0.00,159.93,5.1,159.93,-5.3,160.08,14.100,160.08,23.0,160.25,3713,160.25,132,160.41,82.0,160.56,1010.0,160.72,0.0,
,161.92,2000,161.92,12.0,161.92,0.00,161.02,4.7,161.03,-2.3,161.16,14.100,161.16,24.0,161.33,3713,161.33,50,161.47,79.0,161.62,1010.0,161.76,0.0,
,162.94,1920,162.94,13.5,162.94,0.00,162.06,4.7,162.07,-2.3,162.20,14.100,162.20,25.0,162.34,3713,162.34,50,162.50,76.0,162.65,1000.0,162.79,0.0,
,164.06,1840,164.06,13.5,164.06,0.00,163.13,4.7,163.13,-3.8,163.29,14.100,163.29,26.0,163.43,3713,163.43,0,163.58,73.0,163.75,1000.0,163.91,0.0,
,165.12,1760,165.12,13.5,165.12,0.00,164.20,4.7,164.20,-5.3,164.36,14.100,164.36,27.0,164.51,3713,164.51,0,164.67,69.0,164.81,1000.0,164.97,0.0,
,166.17,1720,166.17,29.3,166.17,1.53,165.26,4.7,165.26,-5.3,165.42,14.100,165.42,27.0,165.56,3713,165.56,0,165.72,66.0,165.87,990.0,166.01,9.7,
,167.21,1680,167.21,63.9,167.21,2.04,166.31,12.2,166.31,15.8,166.45,14.100,166.45,27.0,166.59,4413,166.59,0,166.77,64.0,166.92,1020.0,167.07,112.5,
,168.28,1640,168.28,72.9,168.28,2.29,167.37,17.3,167.37,11.3,167.53,14.100,167.53,27.0,167.69,6247,167.69,0,167.82,63.0,167.98,1100.0,168.12,126.1,
,169.35,1640,169.35,78.9,169.35,2.29,168.40,19.2,168.40,8.3,168.58,14.194,168.58,25.0,168.73,8213,168.73,80,168.87,63.0,169.01,1150.0,169.18,137.7,
,170.41,1640,170.41,89.5,170.41,2.55,169.50,19.6,169.50,7.5,169.64,14.006,169.64,24.0,169.80,10323,169.80,80,169.95,63.0,170.12,1180.0,170.23,159.1,
,171.42,1680,171.42,92.5,171.42,2.81,170.54,22.0,170.54,5.3,170.68,14.100,170.68,24.0,170.82,12522,170.82,136,170.98,64.0,171.12,1240.0,171.26,168.8,
,172.47,1680,172.47,90.2,172.47,2.55,171.59,21.2,171.59,4.5,171.73,14.006,171.73,23.0,171.87,14911,171.87,136,172.01,64.0,172.17,1260.0,172.31,168.8,
,173.55,1680,173.55,91.0,173.55,2.81,172.62,21.2,172.62,5.3,172.78,14.100,172.78,22.0,172.94,17359,172.94,160,173.09,65.0,173.25,1260.0,173.41,168.8,
,174.60,1720,174.60,90.2,174.60,2.81,173.69,21.2,173.69,5.3,173.83,14.100,173.83,22.0,173.99,19862,173.99,160,174.14,65.0,174.29,1270.0,174.44,166.8,
,175.66,1680,175.66,17.3,175.66,0.51,174.75,19.6,174.75,5.3,174.90,14.100,174.90,21.0,175.07,22311,175.07,164,175.24,65.0,175.38,1170.0,175.52,29.1,
,176.72,1600,176.72,14.3,176.72,0.00,175.84,4.3,175.84,3.8,175.98,14.100,175.98,21.0,176.13,23316,176.13,164,176.27,64.0,176.43,1010.0,176.60,0.0,
,177.77,1520,177.77,15.0,177.77,0.00,176.88,4.3,176.88,-6.0,177.04,14.100,177.04,22.0,177.18,23456,177.18,164,177.32,61.0,177.46,1000.0,177.62,0.0,
,178.82,1480,178.82,15.0,178.82,0.00,177.93,4.3,177.93,-6.0,178.07,14.100,178.07,24.0,178.23,23456,178.23,36,178.38,58.0,178.52,990.0,178.66,0.0,
,179.87,1400,179.87,15.0,179.87,0.00,178.97,4.3,178.97,-6.8,179.12,14.100,179.12,25.0,179.26,23456,179.26,36,179.42,56.0,179.57,990.0,179.73,0.0,
,180.94,1320,180.94,14.3,180.94,0.00,180.03,4.3,180.03,-6.8,180.18,14.100,180.18,26.0,180.33,23456,180.33,0,180.50,53.0,180.64,980.0,180.79,0.0,
,182.00,1240,182.00,14.3,182.00,0.00,181.10,3.9,181.10,-6.8,181.27,14.100,181.27,26.0,181.42,23456,181.42,0,181.56,50.0,181.70,980.0,181.86,0.0,
,183.05,1440,183.05,15.0,183.05,0.00,182.14,3.5,182.14,-9.8,182.28,14.006,182.28,27.0,182.44,23456,182.44,0,182.61,47.0,182.76,980.0,182.89,0.0,
,184.10,1440,184.10,40.6,184.10,1.53,183.19,4.3,183.19,-6.8,183.33,14.100,183.33,27.0,183.47,23471,183.47,0,183.65,45.0,183.80,980.0,183.96,60.1,
,185.13,1440,185.13,68.4,185.13,2.29,184.26,11.8,184.26,13.5,184.41,14.006,184.41,27.0,184.55,24364,184.55,28,184.69,44.0,184.85,1000.0,184.99,108.6,
,186.18,1440,186.18,41.4,186.18,1.28,185.27,20.4,185.27,8.3,185.45,14.006,185.45,27.0,185.57,25879,185.57,28,185.73,44.0,185.88,1070.0,186.04,98.9,
,187.22,1400,187.22,14.3,187.22,0.51,186.32,3.9,186.32,19.5,186.46,14.006,186.46,26.0,186.62,27100,186.62,28,186.77,44.0,186.91,1010.0,187.06,0.0,
,188.25,1400,188.25,72.2,188.25,2.04,187.36,7.8,187.36,21.8,187.50,14.006,187.50,26.0,187.63,27489,187.63,82,187.81,43.0,187.95,990.0,188.11,122.2,
,189.30,1440,189.30,79.7,189.30,2.29,188.41,22.0,188.41,7.5,188.57,14.100,188.57,26.0,188.70,28886,188.70,82,188.86,43.0,189.02,1080.0,189.17,141.6,
,190.36,1480,190.36,78.9,190.36,2.29,189.44,20.8,189.44,6.0,189.61,14.100,189.61,25.0,189.76,30651,189.76,82,189.91,44.0,190.05,1130.0,190.21,141.6,
,191.43,1520,191.43,75.9,191.43,2.29,190.50,19.2,190.50,6.0,190.65,13.912,190.65,24.0,190.82,32535,190.82,82,190.97,46.0,191.11,1150.0,191.25,137.7,
,192.42,1560,192.42,58.6,192.42,1.79,191.55,19.2,191.55,7.5,191.69,14.006,191.69,24.0,191.83,1565,191.83,122,192.00,47.0,192.14,1150.0,192.28,102.8,
,193.47,1560,193.47,82.7,193.47,2.04,192.58,14.9,192.58,12.8,192.75,14.006,192.75,24.0,192.89,3275,192.89,122,193.04,48.0,193.19,1140.0,193.33,151.3,
,194.54,1640,194.54,85.7,194.54,2.29,193.61,21.2,193.62,6.0,193.79,14.006,193.79,24.0,193.95,5320,193.95,122,194.08,49.0,194.22,1190.0,194.38,157.1,
,195.59,1680,195.59,87.2,195.59,2.55,194.66,20.8,194.66,5.3,194.82,14.100,194.82,23.0,194.99,7494,194.99,128,195.13,51.0,195.27,1220.0,195.41,159.1,
,196.58,1720,196.58,54.9,196.58,1.79,195.72,18.0,195.72,6.8,195.86,14.100,195.86,23.0,196.00,9637,196.00,128,196.16,52.0,196.30,1180.0,196.44,91.2,
,197.66,1720,197.66,75.2,197.66,2.04,196.74,13.3,196.74,13.5,196.89,13.912,196.89,23.0,197.04,11185,197.04,138,197.19,53.0,197.35,1130.0,197.50,137.7,
,198.72,1760,198.72,73.7,198.72,2.04,197.78,17.3,197.78,9.8,197.96,14.100,197.96,24.0,198.11,13114,198.11,138,198.25,54.0,198.39,1160.0,198.55,133.9,
,199.74,1800,199.74,79.7,199.74,2.29,198.86,17.6,198.86,9.8,199.00,14.100,199.00,24.0,199.16,15047,199.16,124,199.30,55.0,199.44,1180.0,199.58,141.6,
,200.80,1840,200.80,82.7,200.80,2.55,199.90,20.0,199.90,8.3,200.05,14.100,200.05,23.0,200.19,17179,200.19,124,200.35,56.0,200.50,1230.0,200.65,153.3,
,201.90,1880,201.90,82.7,201.90,2.29,200.95,20.0,200.95,8.3,201.10,13.912,201.10,23.0,201.26,19557,201.26,124,201.41,57.0,201.59,1260.0,201.74,151.3,
,202.97,1960,202.97,83.5,202.97,2.29,202.04,19.6,202.04,9.0,202.20,14.100,202.20,23.0,202.36,22091,202.36,150,202.51,59.0,202.65,1270.0,202.81,155.2,
,204.09,2000,204.09,83.5,204.09,2.55,203.14,19.6,203.14,9.0,203.28,14.100,203.28,22.0,203.44,24661,203.44,150,203.59,61.0,203.74,1280.0,203.92,153.3,
,205.12,2040,205.12,81.2,205.12,2.29,204.23,19.6,204.23,9.8,204.37,14.100,204.37,22.0,204.51,27288,204.51,166,204.67,62.0,204.82,1270.0,204.97,149.4,
,206.19,2120,206.19,81.2,206.19,2.29,205.28,19.6,205.28,9.8,205.43,14.100,205.43,22.0,205.58,29923,205.58,166,205.74,64.0,205.91,1270.0,206.05,149.4,
,207.27,2160,207.27,55.6,207.27,1.53,206.33,19.6,206.33,9.8,206.51,14.100,206.51,22.0,206.64,32559,206.64,172,206.78,66.0,206.93,1270.0,207.10,128.0,
,208.27,1760,208.27,84.2,208.27,2.29,207.39,14.1,207.39,14.3,207.55,14.100,207.55,22.0,207.69,2077,207.69,172,207.83,67.0,207.97,1200.0,208.11,143.6,
,209.29,1800,209.29,90.2,209.29,2.55,208.41,20.4,208.41,7.5,208.55,14.100,208.55,23.0,208.69,4174,208.69,156,208.87,69.0,209.00,1250.0,209.15,170.7,
,210.36,1880,210.36,91.7,210.36,2.55,209.45,21.6,209.45,6.8,209.62,13.912,209.62,22.0,209.74,6667,209.74,156,209.89,70.0,210.06,1280.0,210.21,172.7,
,211.46,1920,211.46,91.7,211.46,2.81,210.51,22.0,210.51,6.8,210.69,14.194,210.69,22.0,210.84,9478,210.84,156,210.99,73.0,211.14,1280.0,211.31,170.7,
,212.50,2000,212.50,90.2,212.50,2.55,211.60,22.4,211.60,6.8,211.74,14.100,211.74,22.0,211.90,12319,211.90,174,212.04,75.0,212.18,1280.0,212.32,168.8,
,213.52,2040,213.52,88.7,213.52,2.55,212.63,22.0,212.63,8.3,212.77,14.100,212.77,22.0,212.91,14927,212.91,174,213.08,77.0,213.24,1280.0,213.36,166.8,
,214.57,2120,214.57,87.2,214.57,2.55,213.66,22.0,213.66,8.3,213.81,14.100,213.81,21.0,213.96,17758,213.96,186,214.10,79.0,214.26,1280.0,214.41,163.0,
,215.61,2160,215.61,86.5,215.61,2.55,214.72,21.6,214.72,9.8,214.88,14.006,214.88,21.0,215.02,20673,215.02,186,215.16,82.0,215.30,1280.0,215.46,161.0,
,216.67,2240,216.67,82.7,216.67,2.29,215.75,21.6,215.75,9.8,215.90,14.100,215.90,21.0,216.06,23498,216.06,192,216.21,84.0,216.34,1290.0,216.49,157.1,
,217.71,1880,217.71,33.8,217.71,1.02,216.82,20.0,216.82,10.5,216.97,13.724,216.97,21.0,217.12,26445,217.12,192,217.28,87.0,217.44,1270.0,217.57,97.0,
,218.73,1920,218.73,12.8,218.73,0.00,217.87,3.9,217.87,24.8,218.01,14.006,218.01,21.0,218.15,27968,218.15,152,218.29,88.0,218.47,1030.0,218.59,0.0,
,219.78,1880,219.78,13.5,219.78,0.00,218.87,4.7,218.87,-5.3,219.03,14.006,219.03,21.0,219.17,28175,219.17,152,219.31,87.0,219.45,1000.0,219.61,0.0,
,220.89,1920,220.89,24.8,220.89,1.02,219.94,4.7,219.94,-3.8,220.11,14.100,220.11,23.0,220.28,28183,220.28,152,220.40,87.0,220.57,990.0,220.74,19.4,
,221.91,1920,221.91,43.6,221.91,1.53,221.03,9.4,221.03,20.3,221.17,14.100,221.17,24.0,221.35,28898,221.35,8,221.47,87.0,221.61,1000.0,221.75,71.8,
,222.91,1920,222.91,14.3,222.91,0.51,222.06,12.2,222.06,15.8,222.20,14.100,222.20,24.0,222.36,30223,222.36,8,222.50,88.0,222.64,1030.0,222.78,3.9,
,223.96,1920,223.96,12.8,223.96,0.00,223.08,4.7,223.08,15.0,223.22,14.006,223.22,24.0,223.36,30981,223.36,72,223.50,89.0,223.68,1000.0,223.81,0.0,
,225.02,1920,225.02,13.5,225.02,0.00,224.10,4.7,224.10,-5.3,224.26,14.100,224.26,24.0,224.43,31072,224.43,72,224.55,88.0,224.71,1000.0,224.87,0.0,
,226.09,1920,226.09,14.3,226.09,0.00,225.16,4.7,225.16,-5.3,225.30,14.100,225.30,24.0,225.48,31072,225.48,6,225.60,88.0,225.76,1000.0,225.92,0.0,
,227.15,1880,227.15,14.3,227.15,0.00,226.26,4.7,226.26,-5.3,226.38,14.100,226.38,25.0,226.54,31072,226.54,6,226.70,87.0,226.85,1000.0,227.00,0.0,
,228.20,1880,228.20,12.8,228.20,0.00,227.33,4.7,227.33,-5.3,227.48,14.100,227.48,25.0,227.62,31072,227.62,6,227.76,87.0,227.92,1000.0,228.08,0.0,
,229.31,1880,229.31,12.8,229.31,0.00,228.36,4.7,228.36,-5.3,228.53,14.100,228.53,26.0,228.68,31072,228.68,0,228.84,87.0,228.97,1000.0,229.16,0.0,
,230.39,1880,230.39,12.8,230.39,0.00,229.46,4.7,229.46,-5.3,229.62,14.006,229.62,26.0,229.76,31072,229.76,0,229.92,86.0,230.07,1000.0,230.22,0.0,
,231.39,1840,231.39,12.8,231.39,0.00,230.53,4.7,230.53,-5.3,230.69,14.100,230.69,26.0,230.81,31072,230.81,0,230.97,86.0,231.11,1000.0,231.25,0.0,
,232.47,1840,232.47,12.8,232.47,0.00,231.55,4.7,231.55,-5.3,231.72,14.100,231.72,26.0,231.84,31072,231.84,0,231.99,85.0,232.16,1000.0,232.31,0.0,
,233.48,1840,233.48,12.8,233.48,0.00,232.59,4.7,232.59,-5.3,232.77,14.100,232.77,26.0,232.89,31072,232.89,0,233.03,85.0,233.17,990.0,233.33,0.0,
,234.50,1840,234.50,13.5,234.50,0.00,233.62,4.7,233.62,-5.3,233.78,14.100,233.78,26.0,233.92,31072,233.92,0,234.06,85.0,234.20,990.0,234.34,0.0,
,235.53,1840,235.53,13.5,235.53,0.00,234.64,4.7,234.64,-5.3,234.78,14.100,234.78,27.0,234.92,31072,234.92,0,235.08,84.0,235.22,990.0,235.38,0.0,
,236.58,1840,236.58,13.5,236.58,0.00,235.69,4.7,235.69,-5.3,235.84,14.100,235.84,27.0,235.99,31072,235.99,0,236.15,84.0,236.29,990.0,236.44,0.0,
,237.63,1800,237.63,13.5,237.63,0.00,236.72,4.7,236.72,-5.3,236.88,14.100,236.88,27.0,237.02,31072,237.02,0,237.18,84.0,237.30,990.0,237.48,0.0,
,238.69,1800,238.69,12.8,238.69,0.00,237.77,4.7,237.77,-5.3,237.91,14.100,237.91,27.0,238.07,31072,238.07,0,238.24,83.0,238.39,990.0,238.53,0.0,
,239.72,1800,239.72,13.5,239.72,0.00,238.83,4.7,238.83,-5.3,238.99,14.100,238.99,27.0,239.11,31072,239.11,0,239.29,83.0,239.44,990.0,239.58,0.0,
,240.80,1800,240.80,13.5,240.80,0.00,239.88,4.7,239.88,-5.3,240.04,14.100,240.04,27.0,240.19,31072,240.19,0,240.33,83.0,240.49,990.0,240.64,0.0,
,241.86,1800,241.86,13.5,241.86,0.00,240.92,4.7,240.92,-5.3,241.10,14.100,241.10,27.0,241.25,31072,241.25,0,241.39,82.0,241.53,990.0,241.69,0.0,
,242.91,1800,242.91,13.5,242.91,0.00,242.00,4.7,242.00,-5.3,242.14,14.100,242.14,27.0,242.30,31072,242.30,0,242.45,82.0,242.61,990.0,242.73,0.0,
,243.92,1760,243.92,13.5,243.92,0.00,243.03,4.7,243.03,-5.3,243.17,14.100,243.17,27.0,243.31,31072,243.31,0,243.47,82.0,243.62,990.0,243.76,0.0,
,244.96,1760,244.96,13.5,244.96,0.00,244.06,4.7,244.06,-5.3,244.20,14.100,244.20,27.0,244.34,31072,244.34,0,244.48,81.0,244.64,990.0,244.79,0.0,
,246.03,1760,246.03,13.5,246.03,0.00,245.09,4.7,245.09,-5.3,245.27,14.100,245.27,27.0,245.42,31072,245.42,0,245.57,81.0,245.74,990.0,245.89,0.0,
,247.08,1800,247.08,49.6,247.08,2.04,246.17,4.7,246.17,-1.5,246.31,14.100,246.31,27.0,246.47,31150,246.47,0,246.62,81.0,246.76,990.0,246.90,58.2,
,248.14,1800,248.14,59.4,248.14,1.79,247.23,15.7,247.23,13.5,247.37,14.006,247.37,27.0,247.51,32313,247.51,12,247.67,82.0,247.84,1050.0,247.99,106.7,
,249.23,1840,249.23,58.6,249.23,1.79,248.31,14.9,248.31,12.8,248.46,14.006,248.46,25.0,248.62,1463,248.62,12,248.77,84.0,248.94,1100.0,249.09,98.9,
,250.25,1880,250.25,30.8,250.25,1.02,249.39,14.9,249.39,12.8,249.53,13.912,249.53,24.0,249.67,3140,249.67,116,249.81,85.0,249.96,1120.0,250.11,56.3,
,251.30,1880,251.30,45.1,251.30,1.79,250.39,8.6,250.39,19.5,250.53,13.912,250.53,24.0,250.69,4342,250.69,116,250.84,86.0,250.99,1030.0,251.14,62.1,
,252.34,1920,252.34,48.9,252.34,1.53,251.47,13.3,251.47,15.0,251.59,14.100,251.59,24.0,251.74,5520,251.74,86,251.91,87.0,252.06,1060.0,252.20,85.4,
,253.38,1920,253.38,27.1,253.38,1.02,252.53,11.8,252.53,15.0,252.66,14.100,252.66,24.0,252.80,6914,252.80,86,252.94,88.0,253.10,1030.0,253.24,19.4,
,254.41,1920,254.41,49.6,254.41,1.53,253.54,12.2,253.54,17.3,253.68,14.100,253.68,24.0,253.83,7780,253.83,86,253.97,88.0,254.11,1040.0,254.27,85.4,
,255.42,1920,255.42,51.1,255.42,1.53,254.55,12.9,254.55,15.0,254.69,14.006,254.69,24.0,254.87,9110,254.87,78,254.99,88.0,255.13,1070.0,255.27,85.4,
,256.46,1920,256.46,51.1,256.46,1.53,255.57,13.3,255.57,14.3,255.71,14.100,255.71,24.0,255.87,10449,255.87,78,256.01,88.0,256.17,1090.0,256.32,87.3,
,257.53,1920,257.53,51.1,257.53,1.53,256.62,12.9,256.62,14.3,256.76,14.100,256.76,24.0,256.91,11962,256.91,94,257.05,88.0,257.23,1090.0,257.38,87.3,
,258.58,1920,258.58,51.1,258.58,1.53,257.67,12.9,257.67,14.3,257.83,14.100,257.83,24.0,257.98,13469,257.98,94,258.13,88.0,258.27,1100.0,258.43,87.3,
,259.62,1920,259.62,57.9,259.62,1.79,258.74,12.5,258.74,14.3,258.87,14.100,258.87,23.0,259.04,14948,259.04,100,259.18,88.0,259.32,1090.0,259.46,95.1,
,260.69,1920,260.69,60.9,260.69,1.79,259.79,14.9,259.79,12.8,259.92,14.006,259.92,23.0,260.08,16515,260.08,100,260.25,88.0,260.40,1120.0,260.56,106.7,
,261.79,1920,261.79,62.4,261.79,1.79,260.88,14.9,260.88,12.8,261.03,14.100,261.03,23.0,261.18,18331,261.18,100,261.34,88.0,261.48,1140.0,261.64,110.6,
,262.87,1920,262.87,66.2,262.87,2.04,261.94,15.3,261.94,12.0,262.11,14.006,262.11,22.0,262.26,20206,262.26,112,262.42,87.0,262.56,1150.0,262.72,114.5,
,263.99,1880,263.99,72.2,263.99,2.04,263.02,15.7,263.02,11.3,263.19,14.194,263.19,22.0,263.36,22121,263.36,112,263.52,87.0,263.69,1160.0,263.81,126.1,
,265.04,1880,265.04,72.9,265.04,2.04,264.14,17.6,264.14,10.5,264.28,14.100,264.28,21.0,264.42,24150,264.42,124,264.58,86.0,264.75,1200.0,264.90,131.9,
,266.11,1880,266.11,76.7,266.11,2.04,265.20,18.0,265.20,10.5,265.34,14.100,265.34,21.0,265.50,26293,265.50,124,265.62,86.0,265.80,1210.0,265.96,139.7,
,267.17,1880,267.17,81.2,267.17,2.29,266.25,18.4,266.25,9.8,266.41,14.100,266.41,21.0,266.57,28557,266.57,144,266.72,86.0,266.86,1230.0,267.02,149.4,
,268.21,1880,268.21,84.2,268.21,2.55,267.33,19.2,267.33,9.0,267.45,14.100,267.45,21.0,267.63,30934,267.63,144,267.77,86.0,267.91,1250.0,268.06,155.2,
,269.27,1880,269.27,88.0,269.27,2.55,268.37,20.0,268.37,8.3,268.49,14.100,268.49,21.0,268.65,541,268.65,160,268.83,87.0,268.97,1280.0,269.12,161.0,
,270.37,1880,270.37,88.7,270.37,2.55,269.45,20.8,269.45,7.5,269.60,14.100,269.60,20.0,269.74,3245,269.74,160,269.88,87.0,270.04,1290.0,270.22,163.0,
,271.44,1920,271.44,90.2,271.44,2.55,270.52,21.2,270.52,7.5,270.67,14.100,270.67,20.0,270.83,5930,270.83,160,270.99,87.0,271.14,1290.0,271.30,164.9,
,272.49,1920,272.49,92.5,272.49,2.81,271.59,21.2,271.59,6.8,271.75,14.100,271.75,20.0,271.91,8710,271.91,178,272.05,88.0,272.19,1290.0,272.33,170.7,
,273.55,1920,273.55,93.2,273.55,2.81,272.64,22.0,272.64,6.8,272.80,14.006,272.80,20.0,272.94,11395,272.94,178,273.10,88.0,273.25,1300.0,273.39,174.6,
,274.61,1960,274.61,94.7,274.61,2.81,273.69,22.4,273.69,6.8,273.85,14.194,273.85,19.0,274.00,14244,274.00,184,274.14,88.0,274.30,1290.0,274.44,174.6,
,275.65,1960,275.65,102.3,275.65,2.81,274.74,23.5,274.74,6.8,274.91,14.100,274.91,19.0,275.05,17105,275.05,184,275.19,89.0,275.33,1320.0,275.49,194.0,
,276.70,1960,276.70,105.3,276.70,3.06,275.77,24.7,275.77,3.8,275.93,14.100,275.93,19.0,276.10,20062,276.10,198,276.25,90.0,276.38,1380.0,276.52,197.9,
,277.68,2000,277.68,106.0,277.68,3.06,276.82,24.7,276.82,3.8,276.96,14.100,276.96,19.0,277.10,23159,277.10,198,277.26,90.0,277.40,1390.0,277.54,197.9,
,278.76,2000,278.76,105.3,278.76,3.06,277.84,24.7,277.84,4.5,278.00,14.100,278.00,19.0,278.15,26377,278.15,216,278.29,91.0,278.45,1390.0,278.60,195.9,
,279.81,2000,279.81,103.8,279.81,3.06,278.89,24.3,278.89,4.5,279.06,14.100,279.06,19.0,279.20,29583,279.20,216,279.34,92.0,279.48,1390.0,279.64,194.0,
,280.83,2040,280.83,104.5,280.83,3.06,279.92,24.3,279.92,4.5,280.08,14.100,280.08,19.0,280.24,32767,280.24,216,280.39,93.0,280.53,1390.0,280.67,195.9,
,281.83,2040,281.83,104.5,281.83,3.06,280.97,24.3,280.97,4.5,281.11,13.912,281.11,19.0,281.25,3161,281.25,220,281.41,93.0,281.55,1380.0,281.69,194.0,
,282.88,2080,282.88,85.7,282.88,2.55,281.99,24.3,281.99,4.5,282.15,14.006,282.15,19.0,282.27,6348,282.27,220,282.43,94.0,282.60,1380.0,282.74,174.6,
,283.91,2080,283.91,61.7,283.91,1.79,283.02,20.8,283.02,9.8,283.18,14.006,283.18,19.0,283.33,9437,283.33,220,283.47,94.0,283.61,1270.0,283.77,112.5,
,284.96,2040,284.96,65.4,284.96,1.79,284.05,15.3,284.05,12.8,284.19,14.100,284.19,19.0,284.35,11624,284.35,220,284.51,94.0,284.66,1210.0,284.80,116.4,
,286.01,2040,286.01,79.7,286.01,2.29,285.11,15.7,285.11,12.0,285.27,14.006,285.27,20.0,285.39,13641,285.39,152,285.57,94.0,285.72,1220.0,285.86,147.4,
,287.07,2040,287.07,82.0,287.07,2.29,286.18,18.4,286.18,10.5,286.33,14.100,286.33,20.0,286.47,16064,286.47,152,286.61,93.0,286.77,1260.0,286.90,145.5,
,288.13,2040,288.13,70.7,288.13,2.04,287.19,19.2,287.19,9.8,287.37,13.912,287.37,20.0,287.52,18619,287.52,152,287.66,93.0,287.80,1270.0,287.96,141.6,
,289.18,2040,289.18,80.5,289.18,2.29,288.27,16.5,288.27,12.0,288.41,14.100,288.41,20.0,288.57,20992,288.57,168,288.72,93.0,288.88,1240.0,289.00,143.6,
,290.23,2040,290.23,84.2,290.23,2.55,289.30,19.6,289.30,9.8,289.46,14.100,289.46,20.0,289.61,23438,289.61,168,289.77,94.0,289.95,1270.0,290.08,153.3,
,291.27,2080,291.27,84.2,291.27,2.29,290.40,20.4,290.40,9.0,290.55,14.100,290.55,20.0,290.69,26153,290.69,166,290.83,94.0,291.01,1280.0,291.13,153.3,
,292.31,2080,292.31,84.2,292.31,2.29,291.41,20.4,291.41,9.0,291.57,14.100,291.57,20.0,291.71,28780,291.71,166,291.85,95.0,292.01,1280.0,292.15,155.2,
,293.36,2080,293.36,85.0,293.36,2.55,292.46,20.4,292.46,9.0,292.60,14.100,292.60,20.0,292.76,31475,292.76,184,292.90,96.0,293.06,1280.0,293.18,159.1,
,294.42,2120,294.42,84.2,294.42,2.55,293.51,20.4,293.51,9.0,293.65,14.100,293.65,20.0,293.79,1393,293.79,184,293.96,96.0,294.13,1280.0,294.28,155.2,
,295.45,2120,295.45,83.5,295.45,2.29,294.58,20.4,294.58,9.8,294.73,14.194,294.73,19.0,294.89,4218,294.89,184,295.01,97.0,295.17,1280.0,295.31,155.2,
,296.52,2160,296.52,81.2,296.52,2.29,295.59,20.4,295.59,9.8,295.75,14.100,295.75,19.0,295.93,6920,295.93,186,296.06,98.0,296.20,1280.0,296.36,153.3,
,297.55,2160,297.55,83.5,297.55,2.29,296.69,20.4,296.69,9.8,296.81,14.006,296.81,19.0,296.99,9741,296.99,186,297.11,99.0,297.25,1290.0,297.39,155.2,
,298.58,2200,298.58,82.7,298.58,2.29,297.69,20.4,297.69,9.8,297.83,14.100,297.83,19.0,297.99,12416,297.99,188,298.13,100.0,298.28,1290.0,298.43,153.3,
,299.64,2200,299.64,82.7,299.64,2.29,298.74,20.4,298.74,9.8,298.89,14.100,298.89,19.0,299.05,15324,299.05,188,299.19,101.0,299.35,1290.0,299.50,153.3,
,300.69,2200,300.69,82.7,300.69,2.29,299.81,20.4,299.81,9.8,299.96,14.100,299.96,19.0,300.10,18142,300.10,190,300.24,101.0,300.38,1290.0,300.54,153.3,
,301.76,2240,301.76,83.5,301.76,2.55,300.83,20.4,300.83,9.8,300.98,14.006,300.98,19.0,301.17,21013,301.17,190,301.32,102.0,301.46,1290.0,301.60,153.3,
,302.78,2240,302.78,82.0,302.78,2.29,301.92,20.4,301.92,9.8,302.06,14.194,302.06,19.0,302.20,23864,302.20,194,302.36,102.0,302.50,1290.0,302.64,151.3,
,303.83,2240,303.83,81.2,303.83,2.29,302.96,20.4,302.96,9.8,303.08,14.100,303.08,19.0,303.22,26620,303.22,194,303.36,102.0,303.53,1290.0,303.68,151.3,
,304.93,2240,304.93,82.7,304.93,2.29,304.03,20.4,304.03,10.5,304.18,14.100,304.18,19.0,304.32,29575,304.32,194,304.46,102.0,304.62,1290.0,304.79,155.2,
,305.97,2240,305.97,83.5,305.97,2.29,305.07,20.4,305.07,10.5,305.23,14.194,305.23,19.0,305.38,32451,305.38,192,305.54,102.0,305.66,1290.0,305.82,153.3,
,307.03,2240,307.03,82.0,307.03,2.29,306.12,20.4,306.12,10.5,306.26,14.100,306.26,19.0,306.42,2471,306.42,192,306.59,102.0,306.73,1290.0,306.87,151.3,
,308.06,2240,308.06,82.0,308.06,2.29,307.17,20.4,307.17,10.5,307.31,14.100,307.31,19.0,307.45,5279,307.45,192,307.61,102.0,307.76,1290.0,307.91,151.3,
,309.09,2240,309.09,82.7,309.09,2.29,308.22,20.4,308.22,10.5,308.37,14.100,308.37,19.0,308.51,8154,308.51,192,308.67,102.0,308.81,1290.0,308.95,153.3,
,310.12,2240,310.12,82.7,310.12,2.29,309.23,20.4,309.23,10.5,309.39,13.912,309.39,19.0,309.53,10901,309.53,194,309.69,102.0,309.81,1290.0,309.99,151.3,
,311.14,2240,311.14,82.0,311.14,2.29,310.26,20.4,310.26,10.5,310.40,14.006,310.40,19.0,310.56,13746,310.56,194,310.70,103.0,310.84,1290.0,311.00,151.3,
,312.15,2240,312.15,82.0,312.15,2.29,311.28,20.4,311.28,10.5,311.42,13.912,311.42,19.0,311.56,16456,311.56,194,311.72,103.0,311.87,1290.0,312.03,151.3,
,313.21,2240,313.21,82.7,313.21,2.29,312.33,20.8,312.33,10.5,312.48,13.912,312.48,19.0,312.62,19346,312.62,194,312.76,103.0,312.93,1290.0,313.09,153.3,
,314.29,2240,314.29,82.7,314.29,2.29,313.37,20.4,313.37,10.5,313.54,13.912,313.54,19.0,313.69,22280,313.69,194,313.85,103.0,313.98,1290.0,314.15,155.2,
,315.34,2280,315.34,82.0,315.34,2.29,314.43,20.4,314.43,10.5,314.57,14.006,314.57,19.0,314.73,25119,314.73,194,314.91,103.0,315.04,1290.0,315.19,151.3,
,316.35,2280,316.35,81.2,316.35,2.29,315.49,20.4,315.49,10.5,315.63,14.194,315.63,19.0,315.77,27946,315.77,194,315.95,104.0,316.07,1290.0,316.21,151.3,
,317.41,2320,317.41,82.0,317.41,2.29,316.51,20.4,316.51,10.5,316.66,14.100,316.66,19.0,316.80,30777,316.80,196,316.96,105.0,317.10,1290.0,317.26,151.3,
,318.46,2320,318.46,48.9,318.46,1.53,317.55,20.4,317.55,10.5,317.71,14.100,317.71,18.0,317.86,947,317.86,196,318.03,106.0,318.16,1280.0,318.32,87.3,
,319.52,2320,319.52,46.6,319.52,1.53,318.60,11.0,318.60,16.5,318.74,14.100,318.74,19.0,318.90,2952,318.90,166,319.07,106.0,319.22,1110.0,319.36,60.1,
,320.52,2320,320.52,54.1,320.52,1.53,319.66,14.1,319.66,15.8,319.80,14.100,319.80,19.0,319.94,4453,319.94,166,320.12,107.0,320.24,1130.0,320.38,89.2,
,321.55,2360,321.55,61.7,321.55,1.79,320.68,14.9,320.68,15.0,320.83,14.100,320.83,20.0,320.97,6196,320.97,166,321.11,107.0,321.27,1170.0,321.41,108.6,
,322.58,2360,322.58,65.4,322.58,1.79,321.69,16.1,321.69,14.3,321.85,14.006,321.85,21.0,321.99,8275,321.99,116,322.13,108.0,322.27,1220.0,322.45,112.5,
,323.67,2400,323.67,66.2,323.67,1.79,322.73,16.5,322.73,13.5,322.88,14.100,322.88,21.0,323.05,10562,323.05,116,323.22,108.0,323.36,1250.0,323.51,116.4,
,324.73,2400,324.73,64.7,324.73,1.79,323.82,16.5,323.82,13.5,323.99,14.194,323.99,20.0,324.13,12980,324.13,154,324.30,109.0,324.45,1260.0,324.59,114.5,
,325.78,2400,325.78,69.9,325.78,2.04,324.89,16.5,324.89,13.5,325.05,14.006,325.05,20.0,325.17,15363,325.17,154,325.31,110.0,325.47,1270.0,325.63,124.2,
,326.81,2440,326.81,78.2,326.81,2.29,325.92,17.6,325.92,12.8,326.10,14.194,326.10,20.0,326.22,17841,326.22,164,326.36,111.0,326.50,1270.0,326.66,137.7,
,327.88,2440,327.88,85.7,327.88,2.55,326.95,20.4,326.95,11.3,327.12,14.194,327.12,20.0,327.27,20653,327.27,164,327.42,112.0,327.56,1310.0,327.71,155.2,
,328.94,2480,328.94,90.2,328.94,2.55,328.03,22.7,328.03,10.5,328.18,14.100,328.18,19.0,328.33,23961,328.33,164,328.49,113.0,328.66,1320.0,328.78,168.8,
,329.99,2480,329.99,89.5,329.99,2.29,329.08,23.5,329.08,10.5,329.22,14.100,329.22,18.0,329.36,27320,329.36,208,329.50,113.0,329.66,1310.0,329.81,170.7,
,331.02,2480,331.02,90.2,331.02,2.29,330.11,23.5,330.11,11.3,330.27,14.006,330.27,18.0,330.42,30861,330.42,208,330.56,113.0,330.70,1310.0,330.86,170.7,
,332.09,2480,332.09,90.2,332.09,2.55,331.14,23.5,331.14,11.3,331.30,14.194,331.30,18.0,331.47,1548,331.47,236,331.61,114.0,331.75,1310.0,331.90,168.8,
,333.10,2520,333.10,91.7,333.10,2.55,332.22,23.9,332.22,11.3,332.36,14.100,332.36,18.0,332.50,4983,332.50,236,332.66,114.0,332.80,1310.0,332.94,170.7,
,334.15,2520,334.15,91.0,334.15,2.29,333.24,23.9,333.24,11.3,333.39,14.100,333.39,18.0,333.53,8409,333.53,236,333.67,114.0,333.83,1310.0,333.98,172.7,
,335.18,2520,335.18,87.2,335.18,2.29,334.27,23.9,334.27,11.3,334.43,14.194,334.43,18.0,334.58,11888,334.58,236,334.72,115.0,334.86,1310.0,335.03,168.8,
,336.25,2520,336.25,80.5,336.25,2.29,335.32,22.7,335.32,11.3,335.46,14.100,335.46,18.0,335.62,15320,335.62,236,335.77,115.0,335.94,1300.0,336.07,147.4,
,337.29,2520,337.29,76.7,337.29,2.29,336.40,21.2,336.40,11.3,336.54,14.194,336.54,18.0,336.68,18557,336.68,236,336.84,115.0,337.00,1290.0,337.14,147.4,
,338.37,2480,338.37,72.2,338.37,2.04,337.45,19.2,337.45,12.8,337.60,14.194,337.60,18.0,337.74,21614,337.74,236,337.89,115.0,338.08,1280.0,338.23,130.0,
,339.46,2480,339.46,77.4,339.46,2.29,338.51,18.4,338.51,12.8,338.67,14.100,338.67,18.0,338.84,24481,338.84,208,338.99,114.0,339.14,1280.0,339.31,143.6,
,340.51,2520,340.51,82.7,340.51,2.29,339.62,20.4,339.62,11.3,339.76,14.194,339.76,18.0,339.92,27498,339.92,208,340.07,114.0,340.21,1300.0,340.37,151.3,
,341.58,2520,341.58,84.2,341.58,2.29,340.66,22.0,340.66,11.3,340.81,14.100,340.81,18.0,340.95,30700,340.95,200,341.11,115.0,341.26,1300.0,341.42,157.1,
,342.65,2520,342.65,85.0,342.65,2.29,341.75,22.0,341.75,11.3,341.92,14.006,341.92,18.0,342.05,1336,342.05,200,342.20,115.0,342.36,1310.0,342.51,159.1,
,343.70,2520,343.70,85.0,343.70,2.29,342.79,22.0,342.79,11.3,342.97,14.100,342.97,18.0,343.09,4636,343.09,228,343.25,115.0,343.39,1310.0,343.55,157.1,
,344.75,2520,344.75,86.5,344.75,2.29,343.84,22.0,343.84,11.3,343.98,14.100,343.98,18.0,344.14,7933,344.14,228,344.30,115.0,344.45,1310.0,344.59,159.1,
,345.79,2520,345.79,88.0,345.79,2.55,344.90,22.4,344.90,11.3,345.06,14.100,345.06,18.0,345.18,11274,345.18,228,345.34,115.0,345.50,1310.0,345.65,161.0,
,346.83,2520,346.83,86.5,346.83,2.29,345.96,22.7,345.96,11.3,346.11,14.194,346.11,18.0,346.25,14700,346.25,228,346.39,116.0,346.55,1300.0,346.69,161.0,
,347.86,2560,347.86,85.7,347.86,2.29,346.97,22.4,346.97,11.3,347.15,14.194,347.15,18.0,347.27,17926,347.27,228,347.41,116.0,347.55,1310.0,347.71,161.0,
,348.90,2560,348.90,88.0,348.90,2.55,348.01,22.7,348.01,11.3,348.18,14.100,348.18,18.0,348.32,21327,348.32,230,348.46,116.0,348.60,1310.0,348.74,161.0,
,349.94,2560,349.94,87.2,349.94,2.29,349.04,22.7,349.04,11.3,349.19,13.912,349.19,18.0,349.34,24637,349.34,230,349.52,117.0,349.67,1300.0,349.81,161.0,
,351.03,2560,351.03,85.7,351.03,2.29,350.11,22.7,350.11,11.3,350.27,14.100,350.27,18.0,350.42,28147,350.42,234,350.56,117.0,350.72,1300.0,350.87,159.1,
,352.08,2560,352.08,86.5,352.08,2.29,351.15,22.7,351.15,11.3,351.33,14.194,351.33,18.0,351.48,31616,351.48,234,351.62,117.0,351.76,1300.0,351.92,161.0,
,353.12,2560,353.12,87.2,353.12,2.29,352.20,22.7,352.20,11.3,352.34,14.194,352.34,18.0,352.50,2099,352.50,234,352.65,118.0,352.79,1300.0,352.94,163.0,
,354.11,2560,354.11,85.7,354.11,2.29,353.25,22.7,353.25,11.3,353.39,14.100,353.39,18.0,353.53,5487,353.53,234,353.69,118.0,353.83,1300.0,353.97,161.0,
,355.14,2600,355.14,87.2,355.14,2.29,354.27,22.7,354.27,11.3,354.43,14.194,354.43,18.0,354.55,8839,354.55,234,354.69,118.0,354.85,1300.0,355.00,161.0,
,356.21,2600,356.21,85.7,356.21,2.29,355.28,22.7,355.28,11.3,355.46,14.006,355.46,18.0,355.58,12191,355.58,234,355.74,118.0,355.88,1300.0,356.04,161.0,
,357.26,2600,357.26,86.5,357.26,2.29,356.33,23.1,356.33,11.3,356.50,14.100,356.50,18.0,356.65,15723,356.65,234,356.80,118.0,356.95,1300.0,357.10,159.1,
,358.31,2560,358.31,86.5,358.31,2.29,357.40,23.1,357.40,11.3,357.56,14.194,357.56,18.0,357.71,19231,357.71,238,357.87,118.0,358.01,1300.0,358.15,161.0,
,359.36,2560,359.36,87.2,359.36,2.29,358.45,22.7,358.45,11.3,358.60,14.006,358.60,18.0,358.74,22590,358.74,238,358.88,117.0,359.05,1300.0,359.20,161.0,
,360.41,2560,360.41,86.5,360.41,2.29,359.51,23.1,359.51,11.3,359.67,14.100,359.67,17.0,359.81,26096,359.81,236,359.95,117.0,360.11,1300.0,360.25,159.1,
,361.46,2520,361.46,86.5,361.46,2.29,360.56,22.7,360.56,11.3,360.70,14.006,360.70,17.0,360.86,29477,360.86,236,361.00,116.0,361.14,1300.0,361.28,161.0,
,362.48,2520,362.48,86.5,362.48,2.29,361.59,22.7,361.59,11.3,361.73,14.194,361.73,17.0,361.87,32767,361.87,236,362.03,115.0,362.17,1300.0,362.31,163.0,
,363.51,2520,363.51,86.5,363.51,2.29,362.62,22.7,362.62,11.3,362.77,14.194,362.77,17.0,362.90,3264,362.90,232,363.05,115.0,363.21,1300.0,363.35,161.0,
,364.56,2480,364.56,85.7,364.56,2.29,363.63,22.7,363.63,11.3,363.81,14.006,363.81,17.0,363.96,6712,363.96,232,364.10,114.0,364.24,1300.0,364.40,161.0,
,365.62,2480,365.62,87.2,365.62,2.29,364.68,22.7,364.68,11.3,364.83,14.194,364.83,17.0,365.00,9969,365.00,230,365.15,114.0,365.29,1300.0,365.44,163.0,
,366.68,3000,366.68,83.5,366.68,2.29,365.76,22.7,365.76,11.3,365.91,14.194,365.91,17.0,366.06,13367,366.06,230,366.22,113.0,366.39,1300.0,366.54,155.2,
,367.70,2960,367.70,80.5,367.70,2.29,366.84,23.5,366.84,16.5,366.98,14.100,366.98,17.0,367.14,17089,367.14,236,367.26,113.0,367.44,1300.0,367.56,145.5,
,368.73,2960,368.73,82.0,368.73,2.29,367.84,22.4,367.84,22.5,368.00,14.194,368.00,17.0,368.14,20758,368.14,236,368.28,113.0,368.44,1300.0,368.58,151.3,
,369.78,2960,369.78,54.9,369.78,1.53,368.87,22.4,368.87,22.5,369.02,14.100,369.02,17.0,369.18,24435,369.18,236,369.32,113.0,369.48,1290.0,369.60,93.1,
,370.80,2920,370.80,13.5,370.80,0.51,369.91,16.5,369.91,29.3,370.05,14.100,370.05,17.0,370.19,27198,370.19,256,370.35,113.0,370.50,1250.0,370.64,46.6,
,371.85,2880,371.85,12.0,371.85,0.00,370.96,5.9,370.96,19.5,371.11,14.006,371.11,17.0,371.25,28708,371.25,256,371.39,111.0,371.55,1040.0,371.69,0.0,
,372.89,2800,372.89,12.0,372.89,0.00,372.00,6.7,372.00,-6.8,372.16,14.100,372.16,18.0,372.30,28830,372.30,112,372.44,109.0,372.60,1020.0,372.74,0.0,
,373.93,2760,373.93,12.0,373.93,0.00,373.03,6.7,373.03,-12.8,373.17,14.194,373.17,18.0,373.33,28830,373.33,112,373.47,107.0,373.61,1020.0,373.75,0.0,
,374.95,2680,374.95,12.0,374.95,0.00,374.05,6.3,374.05,-12.0,374.19,14.100,374.19,19.0,374.33,28830,374.33,0,374.49,104.0,374.64,1020.0,374.78,0.0,
,375.99,2640,375.99,12.0,375.99,0.00,375.10,6.3,375.10,-11.3,375.25,14.194,375.25,19.0,375.39,28830,375.39,0,375.53,102.0,375.69,1010.0,375.83,0.0,
,377.02,2160,377.02,12.0,377.02,0.00,376.11,5.9,376.11,-10.5,376.27,14.194,376.27,20.0,376.41,28830,376.41,0,376.55,100.0,376.69,1010.0,376.85,0.0,
,378.09,2120,378.09,12.8,378.09,0.00,377.14,5.1,377.14,-5.3,377.30,14.194,377.30,20.0,377.47,28830,377.47,0,377.61,98.0,377.75,1000.0,377.90,0.0,
,379.14,2080,379.14,12.8,379.14,0.00,378.22,5.1,378.22,-5.3,378.36,14.194,378.36,21.0,378.51,28830,378.51,0,378.68,96.0,378.85,1000.0,378.98,0.0,
,380.18,2040,380.18,12.8,380.18,0.00,379.31,4.7,379.31,-5.3,379.46,14.194,379.46,21.0,379.62,28830,379.62,0,379.74,94.0,379.91,990.0,380.04,0.0,
,381.21,2000,381.21,12.8,381.21,0.00,380.32,4.7,380.32,-5.3,380.48,14.194,380.48,21.0,380.62,28830,380.62,0,380.76,93.0,380.92,990.0,381.06,0.0,
,382.25,2000,382.25,36.8,382.25,1.53,381.35,4.7,381.35,-5.3,381.49,14.100,381.49,21.0,381.65,28856,381.65,0,381.79,91.0,381.95,990.0,382.07,25.2,
,383.26,1960,383.26,78.2,383.26,2.55,382.37,14.5,382.37,15.8,382.51,14.100,382.51,21.0,382.65,29781,382.65,0,382.81,89.0,382.96,1050.0,383.10,139.7,
,384.26,1960,384.26,91.7,384.26,2.55,383.40,20.8,383.40,9.0,383.54,14.194,383.54,21.0,383.68,32108,383.68,0,383.82,89.0,383.98,1220.0,384.12,166.8,
,385.32,1960,385.32,112.8,385.32,3.31,384.40,21.6,384.40,6.8,384.56,14.100,384.56,20.0,384.71,1900,384.71,106,384.85,90.0,385.00,1310.0,385.17,190.1,
,386.41,2000,386.41,117.3,386.41,3.57,385.46,74.1,385.46,0.8,385.62,14.100,385.62,19.0,385.78,5134,385.78,106,385.94,90.0,386.09,1360.0,386.23,217.3,
,387.42,2000,387.42,119.5,387.42,3.57,386.54,100.0,386.54,1.5,386.68,14.194,386.68,19.0,386.82,8678,386.82,210,386.98,91.0,387.12,1380.0,387.26,221.2,
,388.48,2040,388.48,121.1,388.48,3.57,387.56,100.0,387.56,0.8,387.72,14.100,387.72,19.0,387.87,12344,387.87,210,388.01,92.0,388.17,1390.0,388.32,221.2,
,389.48,2440,389.48,111.3,389.48,3.06,388.60,100.0,388.60,1.5,388.76,14.194,388.76,19.0,388.90,16100,388.90,254,389.04,92.0,389.18,1390.0,389.34,203.7,
,390.52,2440,390.52,64.7,390.52,2.04,389.62,32.5,389.62,4.5,389.78,14.194,389.78,18.0,389.93,20153,389.93,254,390.08,93.0,390.22,1330.0,390.36,133.9,
,391.56,2400,391.56,72.9,391.56,2.04,390.67,14.9,390.67,15.0,390.83,14.194,390.83,18.0,390.97,23161,390.97,252,391.13,92.0,391.28,1220.0,391.42,110.6,
,392.63,2400,392.63,76.7,392.63,2.04,391.72,19.6,391.72,11.3,391.87,14.100,391.87,18.0,392.02,25616,392.02,252,392.17,91.0,392.33,1270.0,392.47,137.7,
,393.69,2360,393.69,81.2,393.69,2.29,392.75,19.6,392.75,11.3,392.93,14.194,392.93,18.0,393.08,28395,393.08,252,393.23,91.0,393.37,1290.0,393.53,147.4,
,394.77,2360,394.77,89.5,394.77,2.55,393.85,20.8,393.85,10.5,393.99,14.194,393.99,18.0,394.15,31442,394.15,184,394.30,91.0,394.46,1300.0,394.61,166.8,
,395.80,2360,395.80,109.8,395.80,2.81,394.91,22.4,394.91,10.5,395.05,14.100,395.05,18.0,395.19,1816,395.19,184,395.35,91.0,395.51,1340.0,395.66,211.5,
,396.86,2400,396.86,111.3,396.86,3.06,395.96,31.4,395.96,4.5,396.11,14.194,396.11,18.0,396.27,5808,396.27,226,396.41,91.0,396.57,1380.0,396.72,207.6,
,397.91,2400,397.91,118.0,397.91,3.31,397.01,31.4,397.01,4.5,397.18,14.006,397.18,18.0,397.33,9970,397.33,226,397.47,92.0,397.61,1380.0,397.77,215.3,
,398.95,2400,398.95,15.8,398.95,0.51,398.07,29.8,398.07,4.5,398.19,14.194,398.19,18.0,398.37,13988,398.37,286,398.50,93.0,398.64,1220.0,398.78,79.5,
,400.00,2320,400.00,12.0,400.00,0.00,399.10,5.1,399.10,-0.8,399.24,14.194,399.24,17.0,399.40,15890,399.40,286,399.57,91.0,399.71,1020.0,399.85,0.0,
,401.09,2200,401.09,13.5,401.09,0.00,400.19,5.1,400.19,-6.8,400.34,14.194,400.34,17.0,400.48,16017,400.48,286,400.62,87.0,400.78,990.0,400.95,0.0,
,402.17,2000,402.17,12.0,402.17,0.00,401.23,5.1,401.23,-5.3,401.39,14.194,401.39,18.0,401.54,16017,401.54,78,401.68,83.0,401.83,1000.0,402.02,0.0,
,403.22,1760,403.22,13.5,403.22,0.00,402.31,4.7,402.31,-5.3,402.45,14.100,402.45,19.0,402.61,16017,402.61,78,402.78,74.0,402.92,990.0,403.06,0.0,
,404.23,1680,404.23,14.3,404.23,0.00,403.37,4.7,403.37,-5.3,403.53,14.100,403.53,20.0,403.65,16017,403.65,0,403.83,67.0,403.95,980.0,404.09,0.0,
,405.28,1600,405.28,14.3,405.28,0.00,404.39,4.7,404.39,-6.0,404.53,14.100,404.53,21.0,404.67,16017,404.67,0,404.81,63.0,404.97,980.0,405.13,0.0,
,406.34,1480,406.34,15.0,406.34,0.00,405.42,4.3,405.42,-6.0,405.58,14.100,405.58,21.0,405.73,16017,405.73,0,405.89,60.0,406.02,970.0,406.19,0.0,
,407.36,1520,407.36,19.5,407.36,0.77,406.48,4.3,406.48,-6.0,406.62,14.194,406.62,21.0,406.78,16035,406.78,0,406.94,57.0,407.06,970.0,407.20,5.8,
,408.37,1760,408.37,60.9,408.37,2.04,407.51,7.8,407.51,22.5,407.65,14.100,407.65,21.0,407.79,16537,407.79,14,407.96,54.0,408.09,970.0,408.23,98.9,
,409.39,1760,409.39,73.7,409.39,2.29,408.53,18.8,408.53,12.0,408.67,13.912,408.67,21.0,408.81,18138,408.81,14,408.95,54.0,409.11,1080.0,409.27,126.1,
,410.42,1760,410.42,91.0,410.42,2.55,409.53,20.0,409.53,9.0,409.69,14.194,409.69,21.0,409.83,20163,409.83,14,409.97,54.0,410.11,1170.0,410.27,164.9,
,411.47,1800,411.47,100.0,411.47,2.81,410.58,23.5,410.58,5.3,410.72,14.194,410.72,21.0,410.88,22581,410.88,132,411.03,55.0,411.17,1300.0,411.31,186.2,
,412.55,1840,412.55,100.0,412.55,3.06,411.63,22.4,411.63,3.8,411.78,14.100,411.78,20.0,411.93,25307,411.93,132,412.10,56.0,412.25,1330.0,412.41,190.1,
,413.66,1920,413.66,94.7,413.66,2.81,412.71,22.7,412.71,3.8,412.88,14.194,412.88,19.0,413.01,28305,413.01,188,413.18,58.0,413.35,1330.0,413.50,174.6,
,414.75,1960,414.75,94.0,414.75,2.81,413.79,22.0,413.79,6.0,413.98,14.006,413.98,18.0,414.13,31340,414.13,188,414.27,59.0,414.42,1300.0,414.59,174.6,
,415.79,2000,415.79,94.7,415.79,2.81,414.90,23.1,414.90,6.0,415.04,14.194,415.04,18.0,415.20,1478,415.20,196,415.34,61.0,415.51,1310.0,415.63,180.4,
,416.81,2040,416.81,94.7,416.81,2.81,415.93,22.4,415.93,7.5,416.07,14.194,416.07,18.0,416.21,4237,416.21,196,416.37,62.0,416.51,1310.0,416.65,178.5,
,417.81,2080,417.81,95.5,417.81,2.81,416.94,23.5,416.94,6.8,417.09,14.100,417.09,18.0,417.23,7166,417.23,196,417.37,63.0,417.53,1320.0,417.67,178.5,
,418.88,2120,418.88,95.5,418.88,2.81,417.95,23.1,417.95,7.5,418.13,14.100,418.13,18.0,418.28,10225,418.28,204,418.42,64.0,418.56,1320.0,418.72,182.4,
,419.93,2160,419.93,93.2,419.93,2.81,419.00,23.1,419.00,8.3,419.16,14.100,419.16,18.0,419.33,13340,419.33,204,419.47,66.0,419.61,1310.0,419.75,174.6,
,420.97,2200,420.97,94.0,420.97,2.55,420.05,24.3,420.05,9.0,420.21,14.288,420.21,18.0,420.36,16529,420.36,216,420.52,67.0,420.69,1300.0,420.81,176.5,
,422.01,2240,422.01,93.2,422.01,2.55,421.11,24.3,421.11,9.0,421.25,14.194,421.25,18.0,421.39,19667,421.39,216,421.53,68.0,421.69,1290.0,421.84,176.5,
,423.06,2280,423.06,92.5,423.06,2.55,422.15,24.3,422.15,9.8,422.31,14.194,422.31,18.0,422.46,22978,422.46,224,422.60,69.0,422.74,1290.0,422.90,174.6,
,424.14,2320,424.14,93.2,424.14,2.55,423.22,24.3,423.22,9.8,423.37,14.100,423.37,18.0,423.53,26296,423.53,224,423.68,71.0,423.84,1290.0,423.98,172.7,
,425.17,2320,425.17,63.2,425.17,1.79,424.29,24.3,424.29,9.8,424.43,14.194,424.43,18.0,424.59,29607,424.59,228,424.73,72.0,424.89,1300.0,425.03,128.0,
,426.18,2320,426.18,42.9,426.18,1.28,425.33,14.9,425.33,15.0,425.47,14.100,425.47,18.0,425.61,32321,425.61,228,425.75,72.0,425.91,1100.0,426.03,71.8,
,427.25,2280,427.25,51.1,427.25,1.53,426.33,14.1,426.33,16.5,426.49,14.194,426.49,18.0,426.64,1141,426.64,228,426.78,71.0,426.95,1100.0,427.10,85.4,
,428.30,2240,428.30,65.4,428.30,1.79,427.39,14.9,427.39,15.0,427.53,14.194,427.53,19.0,427.69,2840,427.69,146,427.83,70.0,427.99,1140.0,428.14,108.6,
,429.33,2240,429.33,75.2,429.33,2.04,428.44,17.3,428.44,13.5,428.58,14.100,428.58,20.0,428.74,4907,428.74,146,428.88,69.0,429.04,1230.0,429.19,139.7,
,430.39,2240,430.39,76.7,430.39,2.29,429.49,18.0,429.49,12.0,429.64,14.194,429.64,20.0,429.80,7339,429.80,142,429.92,69.0,430.10,1270.0,430.25,139.7,
,431.45,2240,431.45,72.9,431.45,2.04,430.53,18.8,430.53,12.0,430.69,14.100,430.69,19.0,430.86,10057,430.86,142,431.00,69.0,431.14,1270.0,431.30,133.9,
,432.52,2240,432.52,73.7,432.52,2.04,431.61,18.4,431.61,12.0,431.73,14.194,431.73,19.0,431.91,12595,431.91,180,432.06,69.0,432.20,1250.0,432.35,133.9,
,433.52,2200,433.52,39.1,433.52,1.28,432.67,16.1,432.67,12.8,432.81,14.100,432.81,19.0,432.94,15050,432.94,180,433.10,69.0,433.24,1190.0,433.38,64.0,
,434.57,2160,434.57,28.6,434.57,1.53,433.68,9.4,433.68,17.3,433.83,14.100,433.83,19.0,433.98,16456,433.98,180,434.13,68.0,434.29,1050.0,434.43,34.9,
,435.60,2120,435.60,59.4,435.60,1.53,434.73,11.4,434.73,18.8,434.87,14.100,434.87,19.0,435.02,17481,435.02,130,435.16,66.0,435.30,1060.0,435.46,100.9,
,436.62,2120,436.62,78.9,436.62,2.04,435.76,16.9,435.76,13.5,435.88,13.912,435.88,20.0,436.06,19224,436.06,130,436.18,65.0,436.32,1190.0,436.46,147.4,
,437.64,2120,437.64,82.7,437.64,2.29,436.76,19.2,436.76,10.5,436.91,14.100,436.91,20.0,437.08,21561,437.08,114,437.22,66.0,437.36,1270.0,437.50,151.3,
,438.70,2160,438.70,86.5,438.70,2.55,437.80,21.2,437.80,9.8,437.95,14.006,437.95,20.0,438.12,24233,438.12,114,438.25,66.0,438.41,1270.0,438.56,163.0,
,439.75,2160,439.75,79.7,439.75,2.29,438.84,22.0,438.84,9.8,439.00,14.100,439.00,19.0,439.16,27131,439.16,190,439.28,67.0,439.44,1270.0,439.60,149.4,
,440.80,2160,440.80,78.9,440.80,2.29,439.89,17.3,439.89,12.0,440.04,14.100,440.04,19.0,440.23,29846,440.23,190,440.36,67.0,440.50,1230.0,440.64,133.9,
,441.83,2200,441.83,79.7,441.83,2.29,440.94,19.2,440.94,10.5,441.08,14.194,441.08,19.0,441.24,32199,441.24,190,441.40,67.0,441.55,1260.0,441.69,143.6,
,442.88,2200,442.88,81.2,442.88,2.29,442.01,19.6,442.01,10.5,442.13,14.100,442.13,19.0,442.29,2021,442.29,176,442.44,68.0,442.60,1270.0,442.74,151.3,
,443.96,2200,443.96,63.2,443.96,1.79,443.02,18.8,443.02,10.5,443.18,13.912,443.18,19.0,443.34,4672,443.34,176,443.49,68.0,443.64,1230.0,443.81,110.6,
,445.02,2160,445.02,54.1,445.02,1.53,444.11,16.1,444.11,13.5,444.25,14.006,444.25,19.0,444.41,6853,444.41,176,444.56,68.0,444.71,1190.0,444.88,95.1,
,446.03,2160,446.03,56.4,446.03,1.53,445.17,14.5,445.17,14.3,445.31,14.006,445.31,20.0,445.45,8726,445.45,176,445.61,67.0,445.75,1160.0,445.91,97.0,
,447.13,2120,447.13,59.4,447.13,1.79,446.21,14.5,446.21,14.3,446.36,14.100,446.36,20.0,446.50,10583,446.50,134,446.64,66.0,446.80,1160.0,446.97,102.8,
,448.26,2120,448.26,68.4,448.26,1.79,447.28,14.9,447.28,13.5,447.44,14.100,447.44,20.0,447.59,12570,447.59,134,447.75,66.0,447.91,1170.0,448.08,116.4,
,449.32,2120,449.32,78.2,449.32,2.29,448.39,17.6,448.39,12.0,448.54,14.100,448.54,21.0,448.70,14725,448.70,134,448.84,65.0,448.99,1220.0,449.14,139.7,
,450.33,2160,450.33,86.5,450.33,2.55,449.45,19.6,449.45,9.8,449.59,14.100,449.59,20.0,449.73,17124,449.73,134,449.89,65.0,450.03,1260.0,450.17,157.1,
,451.38,2160,451.38,100.0,451.38,2.81,450.47,23.1,450.47,9.0,450.62,14.100,450.62,20.0,450.76,19883,450.76,134,450.91,66.0,451.08,1300.0,451.22,190.1,
,452.43,2200,452.43,98.5,452.43,2.81,451.50,23.5,451.50,8.3,451.68,14.194,451.68,20.0,451.83,23107,451.83,184,451.97,67.0,452.11,1350.0,452.27,182.4,
,453.48,2240,453.48,98.5,453.48,2.81,452.58,24.7,452.58,7.5,452.72,14.100,452.72,19.0,452.88,26550,452.88,184,453.02,69.0,453.18,1340.0,453.30,184.3,
,454.51,2320,454.51,98.5,454.51,2.81,453.61,25.5,453.61,7.5,453.76,14.100,453.76,19.0,453.91,29937,453.91,232,454.07,70.0,454.24,1340.0,454.36,186.2,
,455.61,2360,455.61,97.0,455.61,2.55,454.68,25.5,454.68,8.3,454.83,14.194,454.83,19.0,454.97,723,454.97,232,455.12,71.0,455.31,1330.0,455.46,182.4,
,456.66,2360,456.66,78.9,456.66,2.29,455.75,25.1,455.75,9.0,455.92,14.006,455.92,19.0,456.07,4412,456.07,246,456.21,73.0,456.35,1280.0,456.51,149.4,
,457.70,2360,457.70,76.7,457.70,2.29,456.80,20.4,456.80,11.3,456.94,14.100,456.94,19.0,457.13,7387,457.13,246,457.26,73.0,457.40,1260.0,457.54,139.7,
,458.76,2400,458.76,75.2,458.76,2.04,457.87,20.0,457.87,11.3,458.00,14.100,458.00,19.0,458.16,10194,458.16,206,458.33,74.0,458.48,1260.0,458.64,137.7,
,459.81,2400,459.81,75.9,459.81,2.29,458.94,20.0,458.94,12.0,459.09,14.006,459.09,19.0,459.23,13033,459.23,206,459.37,74.0,459.53,1260.0,459.69,139.7,
,460.87,2400,460.87,75.2,460.87,2.04,459.97,20.0,459.97,11.3,460.13,14.100,460.13,19.0,460.28,15885,460.28,206,460.42,74.0,460.56,1260.0,460.72,139.7,
,461.93,2400,461.93,70.7,461.93,2.04,461.02,19.6,461.02,12.0,461.17,14.100,461.17,20.0,461.33,18631,461.33,194,461.47,74.0,461.61,1260.0,461.78,130.0,
,462.97,2440,462.97,71.4,462.97,2.04,462.08,18.4,462.08,12.8,462.22,14.100,462.22,20.0,462.36,21235,462.36,194,462.52,75.0,462.66,1250.0,462.82,128.0,
,464.02,2440,464.02,50.4,464.02,1.53,463.13,18.4,463.13,12.8,463.27,14.100,463.27,20.0,463.41,23860,463.41,184,463.57,75.0,463.71,1260.0,463.87,91.2,
,465.05,2400,465.05,28.6,465.05,1.28,464.16,13.3,464.16,16.5,464.32,14.100,464.32,20.0,464.46,25967,464.46,184,464.60,75.0,464.74,1080.0,464.92,31.0,
,466.06,2360,466.06,50.4,466.06,1.53,465.19,10.6,465.19,19.5,465.33,14.100,465.33,20.0,465.49,27173,465.49,128,465.63,74.0,465.77,1060.0,465.92,81.5,
,467.09,1920,467.09,59.4,467.09,1.79,466.20,14.1,466.20,-8.3,466.34,14.006,466.34,21.0,466.48,28677,466.48,128,466.64,73.0,466.79,1110.0,466.94,100.9,
,468.14,1920,468.14,60.9,468.14,1.79,467.27,14.9,467.27,12.8,467.42,14.006,467.42,21.0,467.56,30395,467.56,128,467.70,73.0,467.86,1130.0,468.02,108.6,
,469.21,1920,469.21,62.4,469.21,1.79,468.29,14.9,468.29,12.0,468.46,14.006,468.46,21.0,468.61,32148,468.61,112,468.75,73.0,468.89,1140.0,469.08,108.6,
,470.23,1960,470.23,60.2,470.23,1.53,469.35,14.9,469.35,12.0,469.49,13.912,469.49,21.0,469.65,1126,469.65,112,469.82,74.0,469.94,1150.0,470.09,106.7,
,471.26,1960,471.26,59.4,471.26,1.79,470.37,14.5,470.37,12.8,470.51,14.100,470.51,21.0,470.65,2837,470.65,124,470.81,75.0,470.96,1150.0,471.13,104.8,
,472.29,2000,472.29,61.7,472.29,1.79,471.42,14.9,471.42,12.8,471.57,14.100,471.57,21.0,471.71,4656,471.71,124,471.85,75.0,472.01,1150.0,472.17,108.6,
,473.35,2040,473.35,66.9,473.35,1.79,472.45,15.3,472.45,12.8,472.62,14.100,472.62,21.0,472.76,6454,472.76,124,472.90,76.0,473.04,1160.0,473.20,114.5,
,474.44,2080,474.44,74.4,474.44,2.04,473.50,18.4,473.50,11.3,473.65,14.100,473.65,21.0,473.81,8474,473.81,124,473.97,78.0,474.12,1210.0,474.28,135.8,
,475.45,1960,475.45,78.2,475.45,2.29,474.59,18.4,474.59,11.3,474.73,14.100,474.73,21.0,474.87,10805,474.87,124,475.05,80.0,475.17,1240.0,475.31,135.8,
,476.53,1800,476.53,86.5,476.53,2.55,475.61,17.6,475.61,9.0,475.76,14.006,475.76,21.0,475.91,13151,475.91,148,476.08,81.0,476.25,1220.0,476.39,159.1,
,477.56,1840,477.56,82.0,477.56,2.29,476.67,19.6,476.67,7.5,476.83,14.100,476.83,21.0,476.98,15535,476.98,148,477.12,83.0,477.26,1230.0,477.42,153.3,
,478.61,1880,478.61,75.2,478.61,2.04,477.70,19.6,477.70,8.3,477.84,14.100,477.84,21.0,478.00,17743,478.00,160,478.17,84.0,478.31,1240.0,478.45,149.4,
,479.65,1880,479.65,12.8,479.65,0.51,478.76,12.2,478.76,12.0,478.90,14.100,478.90,21.0,479.04,19830,479.04,160,479.22,86.0,479.37,1050.0,479.51,0.0,
,480.70,1840,480.70,13.5,480.70,0.00,479.81,4.7,479.81,-5.3,479.97,14.006,479.97,20.0,480.09,20186,480.09,112,480.25,86.0,480.42,980.0,480.56,0.0,
,481.74,1840,481.74,14.3,481.74,0.51,480.84,4.7,480.84,-3.8,481.03,14.100,481.03,21.0,481.16,20186,481.16,112,481.30,85.0,481.44,980.0,481.60,0.0,
,482.76,1880,482.76,33.1,482.76,1.79,481.88,6.3,481.88,25.5,482.02,14.100,482.02,21.0,482.18,20468,482.18,8,482.32,86.0,482.46,970.0,482.60,29.1,
,483.77,1920,483.77,43.6,483.77,1.53,482.91,11.8,482.91,17.3,483.05,14.100,483.05,21.0,483.19,21359,483.19,8,483.37,86.0,483.49,990.0,483.63,71.8,
,484.82,1960,484.82,42.1,484.82,1.53,483.94,11.8,483.94,15.8,484.09,14.194,484.09,22.0,484.23,22717,484.23,8,484.37,88.0,484.53,1030.0,484.68,66.0,
,485.87,2000,485.87,42.1,485.87,1.28,484.97,11.4,484.97,16.5,485.14,14.100,485.14,22.0,485.29,24090,485.29,82,485.45,90.0,485.59,1040.0,485.73,66.0,
,486.94,2040,486.94,41.4,486.94,1.28,486.02,11.4,486.02,16.5,486.19,14.100,486.19,22.0,486.33,25344,486.33,82,486.49,92.0,486.64,1040.0,486.78,64.0,
,487.96,2080,487.96,40.6,487.96,1.28,487.08,11.4,487.08,16.5,487.22,14.100,487.22,22.0,487.36,26623,487.36,88,487.54,94.0,487.67,1040.0,487.81,64.0,
,489.02,2120,489.02,39.8,489.02,1.28,488.13,11.4,488.13,16.5,488.31,14.100,488.31,22.0,488.44,27953,488.44,88,488.58,95.0,488.74,1050.0,488.88,62.1,
,490.14,2160,490.14,39.8,490.14,1.28,489.17,11.4,489.17,16.5,489.36,14.100,489.36,22.0,489.51,29287,489.51,90,489.67,97.0,489.84,1050.0,489.98,60.1,
,491.20,2200,491.20,39.1,491.20,1.28,490.29,11.4,490.29,17.3,490.43,14.100,490.43,22.0,490.59,30671,490.59,90,490.74,99.0,490.90,1050.0,491.04,60.1,
,492.23,2240,492.23,40.6,492.23,1.28,491.35,11.4,491.35,17.3,491.49,14.100,491.49,22.0,491.65,31979,491.65,90,491.79,101.0,491.95,1050.0,492.09,60.1,
,493.25,2240,493.25,39.8,493.25,1.28,492.39,11.8,492.39,16.5,492.53,14.100,492.53,22.0,492.67,550,492.67,92,492.81,102.0,492.98,1060.0,493.11,64.0,
,494.32,2280,494.32,12.0,494.32,0.00,493.39,10.6,493.39,16.5,493.56,14.100,493.56,22.0,493.73,1835,493.73,92,493.86,104.0,494.02,1000.0,494.18,0.0,
,495.37,2280,495.37,12.0,495.37,0.00,494.46,5.1,494.46,-6.0,494.60,14.100,494.60,21.0,494.76,2117,494.76,80,494.91,104.0,495.07,990.0,495.21,0.0,
,496.40,2280,496.40,11.3,496.40,0.00,495.52,5.1,495.52,-1.5,495.66,14.006,495.66,22.0,495.82,2117,495.82,80,495.96,104.0,496.11,990.0,496.26,0.0,
,497.46,2280,497.46,11.3,497.46,0.00,496.56,5.1,496.56,-1.5,496.71,14.100,496.71,22.0,496.87,2117,496.87,0,496.99,105.0,497.17,990.0,497.32,0.0,
,498.52,2280,498.52,12.0,498.52,0.00,497.60,5.1,497.60,-1.5,497.76,14.100,497.76,23.0,497.93,2117,497.93,0,498.08,105.0,498.22,990.0,498.38,0.0,
,499.54,2280,499.54,12.0,499.54,0.00,498.66,5.1,498.66,-6.8,498.80,14.100,498.80,23.0,498.97,2117,498.97,0,499.10,105.0,499.24,990.0,499.38,0.0,
,500.59,2280,500.59,12.0,500.59,0.00,499.69,5.1,499.69,-6.8,499.83,14.100,499.83,23.0,500.00,2117,500.00,0,500.16,105.0,500.31,990.0,500.45,0.0,
,501.64,2280,501.64,12.0,501.64,0.00,500.75,5.5,500.75,-6.8,500.91,14.100,500.91,23.0,501.06,2117,501.06,0,501.20,105.0,501.36,990.0,501.50,0.0,
,502.67,2280,502.67,12.0,502.67,0.00,501.80,5.5,501.80,-6.8,501.94,14.100,501.94,23.0,502.09,2117,502.09,0,502.23,106.0,502.37,990.0,502.53,0.0,
,503.71,2320,503.71,12.0,503.71,0.00,502.81,5.1,502.81,-6.8,502.94,14.100,502.94,23.0,503.12,2117,503.12,0,503.25,106.0,503.39,990.0,503.54,0.0,
,504.74,2320,504.74,12.0,504.74,0.00,503.88,5.5,503.88,-6.8,504.00,14.100,504.00,23.0,504.16,2117,504.16,0,504.32,106.0,504.46,990.0,504.60,0.0,
,505.77,2320,505.77,12.0,505.77,0.00,504.90,5.1,504.90,-6.8,505.04,14.100,505.04,23.0,505.20,2117,505.20,0,505.32,106.0,505.48,990.0,505.63,0.0,
,506.82,2320,506.82,11.3,506.82,0.00,505.90,5.1,505.90,-6.8,506.06,14.100,506.06,23.0,506.22,2117,506.22,0,506.34,106.0,506.50,990.0,506.67,0.0,
,507.89,2320,507.89,11.3,507.89,0.00,506.97,5.1,506.97,-6.8,507.12,14.100,507.12,23.0,507.30,2117,507.30,0,507.45,107.0,507.59,990.0,507.73,0.0,
,508.92,2320,508.92,12.0,508.92,0.00,508.06,5.1,508.06,-6.8,508.20,14.100,508.20,23.0,508.34,2117,508.34,0,508.50,107.0,508.64,990.0,508.78,0.0,
,509.95,2320,509.95,12.0,509.95,0.00,509.08,5.1,509.08,-6.8,509.23,14.100,509.23,23.0,509.37,2117,509.37,0,509.51,107.0,509.67,1000.0,509.81,0.0,
,511.01,2320,511.01,11.3,511.01,0.00,510.10,5.5,510.10,-6.8,510.27,14.100,510.27,23.0,510.42,2117,510.42,0,510.56,107.0,510.70,1000.0,510.86,0.0,
,512.12,2320,512.12,12.0,512.12,0.00,511.18,5.5,511.18,-7.5,511.34,14.100,511.34,23.0,511.51,2117,511.51,0,511.68,107.0,511.80,1000.0,511.96,0.0,
,513.16,2320,513.16,12.0,513.16,0.00,512.27,5.1,512.27,-7.5,512.41,14.100,512.41,23.0,512.55,2117,512.55,0,512.73,107.0,512.85,1000.0,513.01,0.0,
,514.20,2360,514.20,12.0,514.20,0.00,513.32,5.5,513.32,-7.5,513.46,14.100,513.46,23.0,513.60,2117,513.60,0,513.74,107.0,513.89,1000.0,514.05,0.0,
,515.26,2360,515.26,12.0,515.26,0.00,514.34,5.1,514.34,-7.5,514.50,14.194,514.50,23.0,514.65,2117,514.65,0,514.81,107.0,514.93,1000.0,515.11,0.0,
,516.31,2360,516.31,12.0,516.31,0.00,515.40,5.5,515.40,-7.5,515.54,14.100,515.54,23.0,515.70,2117,515.70,0,515.87,108.0,516.01,1000.0,516.15,0.0,
,517.31,2360,517.31,12.0,517.31,0.00,516.45,5.5,516.45,-7.5,516.59,14.100,516.59,23.0,516.73,2117,516.73,0,516.91,108.0,517.03,1000.0,517.17,0.0,
,518.36,2360,518.36,12.0,518.36,0.00,517.47,5.5,517.47,-7.5,517.61,14.100,517.61,23.0,517.75,2117,517.75,0,517.91,108.0,518.05,1000.0,518.21,0.0,
,519.39,2360,519.39,12.0,519.39,0.00,518.50,5.5,518.50,-7.5,518.66,14.100,518.66,23.0,518.80,2117,518.80,0,518.94,108.0,519.08,1000.0,519.26,0.0,
,520.43,2360,520.43,11.3,520.43,0.00,519.54,5.5,519.54,-7.5,519.69,14.100,519.69,23.0,519.85,2117,519.85,0,520.01,108.0,520.13,1000.0,520.27,0.0,
,521.47,2360,521.47,11.3,521.47,0.00,520.58,5.5,520.58,-7.5,520.72,14.100,520.72,23.0,520.86,2117,520.86,0,521.02,108.0,521.16,1000.0,521.32,0.0,
,522.51,2360,522.51,12.0,522.51,0.00,521.63,5.5,521.63,-7.5,521.78,14.100,521.78,23.0,521.93,2117,521.93,0,522.09,109.0,522.23,1000.0,522.37,0.0,
,523.59,2360,523.59,11.3,523.59,0.00,522.65,5.5,522.65,-7.5,522.81,14.100,522.81,23.0,522.97,2117,522.97,0,523.14,109.0,523.31,1000.0,523.45,0.0,
,524.62,2360,524.62,11.3,524.62,0.00,523.73,5.5,523.73,-7.5,523.91,14.100,523.91,23.0,524.03,2117,524.03,0,524.17,109.0,524.31,1000.0,524.47,0.0,
,525.66,2400,525.66,12.0,525.66,0.00,524.76,5.5,524.76,-7.5,524.91,14.194,524.91,23.0,525.07,2117,525.07,0,525.22,109.0,525.36,1000.0,525.50,0.0,
,526.67,2400,526.67,12.0,526.67,0.00,525.80,5.5,525.80,-8.3,525.94,14.100,525.94,23.0,526.08,2117,526.08,0,526.26,110.0,526.39,1000.0,526.53,0.0,
,527.72,2400,527.72,12.0,527.72,0.00,526.83,5.5,526.83,-8.3,526.97,14.100,526.97,23.0,527.11,2117,527.11,0,527.25,110.0,527.41,1000.0,527.57,0.0,
,528.79,2400,528.79,11.3,528.79,0.00,527.86,5.5,527.86,-8.3,528.03,14.100,528.03,23.0,528.18,2117,528.18,0,528.34,110.0,528.49,1000.0,528.65,0.0,
,529.82,2400,529.82,11.3,529.82,0.00,528.93,5.5,528.93,-8.3,529.09,14.100,529.09,23.0,529.23,2117,529.23,0,529.38,111.0,529.52,1000.0,529.66,0.0,
,530.87,2400,530.87,11.3,530.87,0.00,529.97,5.5,529.97,-8.3,530.14,14.100,530.14,23.0,530.26,2117,530.26,0,530.44,111.0,530.59,1000.0,530.73,0.0,
,531.92,2400,531.92,12.0,531.92,0.00,531.03,5.5,531.03,-8.3,531.19,14.100,531.19,23.0,531.31,2117,531.31,0,531.47,111.0,531.64,1000.0,531.78,0.0,
,532.94,2400,532.94,12.0,532.94,0.00,532.06,5.5,532.06,-8.3,532.24,14.100,532.24,23.0,532.37,2117,532.37,0,532.51,111.0,532.65,1000.0,532.81,0.0,
,533.99,2400,533.99,11.3,533.99,0.00,533.08,5.5,533.08,-8.3,533.22,14.100,533.22,23.0,533.38,2117,533.38,0,533.54,111.0,533.69,1000.0,533.83,0.0,
,535.01,2440,535.01,12.0,535.01,0.00,534.13,5.5,534.13,-8.3,534.29,14.100,534.29,23.0,534.41,2117,534.41,0,534.59,111.0,534.72,1000.0,534.86,0.0,
,536.07,2440,536.07,11.3,536.07,0.00,535.17,5.5,535.17,-8.3,535.34,14.194,535.34,23.0,535.47,2117,535.47,0,535.61,111.0,535.77,1000.0,535.92,0.0,
,537.09,2440,537.09,11.3,537.09,0.00,536.21,5.5,536.21,-8.3,536.39,14.100,536.39,23.0,536.51,2117,536.51,0,536.65,112.0,536.79,1000.0,536.95,0.0,
,538.13,2440,538.13,11.3,538.13,0.00,537.23,5.5,537.23,-8.3,537.37,14.100,537.37,23.0,537.53,2117,537.53,0,537.69,111.0,537.81,1000.0,537.96,0.0,
,539.16,2440,539.16,12.0,539.16,0.00,538.28,5.5,538.28,-8.3,538.42,14.100,538.42,23.0,538.56,2117,538.56,0,538.74,111.0,538.87,1000.0,539.02,0.0,
,540.20,2440,540.20,11.3,540.20,0.00,539.32,5.5,539.32,-9.0,539.49,14.100,539.49,23.0,539.61,2117,539.61,0,539.77,112.0,539.90,1000.0,540.05,0.0,
,541.26,2440,541.26,11.3,541.26,0.00,540.35,5.5,540.35,-9.0,540.51,14.194,540.51,23.0,540.67,2117,540.67,0,540.82,112.0,540.96,1000.0,541.12,0.0,
,542.29,2440,542.29,11.3,542.29,0.00,541.40,5.5,541.40,-9.0,541.54,14.194,541.54,23.0,541.70,2117,541.70,0,541.85,112.0,541.99,1000.0,542.13,0.0,
,543.32,2440,543.32,11.3,543.32,0.00,542.43,5.5,542.43,-9.0,542.57,14.194,542.57,23.0,542.71,2117,542.71,0,542.87,112.0,543.02,1000.0,543.17,0.0,
,544.34,2440,544.34,11.3,544.34,0.00,543.48,5.5,543.48,-8.3,543.63,14.194,543.63,23.0,543.77,2117,543.77,0,543.92,112.0,544.06,1000.0,544.20,0.0,
,545.40,2400,545.40,12.0,545.40,0.00,544.48,5.5,544.48,-8.3,544.64,14.194,544.64,23.0,544.79,2117,544.79,0,544.96,111.0,545.09,1000.0,545.25,0.0,
,546.44,2400,546.44,12.0,546.44,0.00,545.54,5.5,545.54,-8.3,545.68,14.194,545.68,23.0,545.84,2117,545.84,0,546.00,111.0,546.12,1000.0,546.28,0.0,
,547.47,2400,547.47,12.0,547.47,0.00,546.59,5.5,546.59,-8.3,546.73,14.194,546.73,23.0,546.87,2117,546.87,0,547.06,110.0,547.19,1000.0,547.33,0.0,
,548.56,2360,548.56,12.0,548.56,0.00,547.63,5.5,547.63,-8.3,547.78,14.194,547.78,23.0,547.93,2117,547.93,0,548.10,110.0,548.27,1000.0,548.42,0.0,
,549.65,2360,549.65,18.0,549.65,0.77,548.71,5.5,548.71,-7.5,548.90,14.006,548.90,23.0,549.05,2123,549.05,0,549.19,109.0,549.33,1000.0,549.49,5.8,
,550.72,2360,550.72,37.6,550.72,1.79,549.80,8.2,549.80,22.5,549.95,14.194,549.95,23.0,550.12,2824,550.12,4,550.26,108.0,550.42,990.0,550.54,44.6,
,551.78,2400,551.78,47.4,551.78,1.53,550.87,13.3,550.87,17.3,551.03,14.194,551.03,22.0,551.20,4260,551.20,4,551.34,109.0,551.49,1050.0,551.63,79.5,
,552.87,2400,552.87,47.4,552.87,1.53,551.96,14.1,551.96,16.5,552.11,14.006,552.11,21.0,552.27,6133,552.27,92,552.42,109.0,552.58,1110.0,552.73,77.6,
,553.92,2400,553.92,50.4,553.92,1.53,553.03,14.1,553.03,16.5,553.19,14.194,553.19,21.0,553.34,7941,553.34,92,553.48,110.0,553.62,1120.0,553.80,83.4,
,554.95,2440,554.95,52.6,554.95,1.53,554.06,14.5,554.06,15.8,554.20,14.194,554.20,21.0,554.36,9724,554.36,124,554.51,110.0,554.65,1150.0,554.79,87.3,
,555.99,2440,555.99,52.6,555.99,1.53,555.12,14.9,555.12,15.8,555.27,14.194,555.27,21.0,555.41,11694,555.41,124,555.57,111.0,555.71,1160.0,555.85,89.2,
,557.02,2440,557.02,52.6,557.02,1.53,556.17,14.9,556.17,15.8,556.30,14.194,556.30,21.0,556.44,13670,556.44,124,556.58,112.0,556.74,1170.0,556.88,89.2,
,558.07,2480,558.07,51.9,558.07,1.53,557.18,14.9,557.18,15.8,557.34,14.194,557.34,21.0,557.49,15713,557.49,136,557.63,113.0,557.77,1170.0,557.93,89.2,
,559.12,2480,559.12,52.6,559.12,1.53,558.23,14.5,558.23,15.8,558.38,14.194,558.38,20.0,558.54,17690,558.54,136,558.68,113.0,558.82,1170.0,558.98,89.2,
,560.18,2520,560.18,51.1,560.18,1.53,559.28,14.9,559.28,16.5,559.43,14.100,559.43,20.0,559.57,19717,559.57,140,559.73,114.0,559.88,1180.0,560.05,87.3,
,561.25,2520,561.25,45.9,561.25,1.53,560.34,14.1,560.34,16.5,560.49,14.194,560.49,20.0,560.63,21732,560.63,140,560.77,115.0,560.94,1160.0,561.10,73.7,
,562.31,2560,562.31,44.4,562.31,1.28,561.39,13.3,561.39,17.3,561.55,14.194,561.55,20.0,561.70,23648,561.70,136,561.86,116.0,561.99,1140.0,562.16,71.8,
,563.38,2560,563.38,44.4,563.38,1.28,562.45,13.3,562.45,17.3,562.59,13.912,562.59,20.0,562.75,25421,562.75,136,562.91,117.0,563.07,1130.0,563.22,71.8,
,564.41,2600,564.41,43.6,564.41,1.53,563.54,13.3,563.54,17.3,563.69,14.100,563.69,20.0,563.83,27257,563.83,124,563.99,118.0,564.13,1120.0,564.27,69.8,
,565.52,2600,565.52,42.9,565.52,1.28,564.57,13.3,564.57,17.3,564.74,14.100,564.74,20.0,564.90,29066,564.90,124,565.07,119.0,565.24,1120.0,565.36,66.0,
,566.58,2640,566.58,43.6,566.58,1.28,565.68,13.3,565.68,17.3,565.83,14.194,565.83,20.0,565.98,30848,565.98,124,566.13,120.0,566.31,1120.0,566.44,69.8,
,567.61,2640,567.61,44.4,567.61,1.53,566.72,13.7,566.72,17.3,566.88,14.100,566.88,20.0,567.02,32626,567.02,122,567.16,121.0,567.32,1130.0,567.46,69.8,
,568.65,2680,568.65,43.6,568.65,1.28,567.75,13.7,567.75,17.3,567.89,14.194,567.89,20.0,568.05,1625,568.05,122,568.19,122.0,568.35,1130.0,568.47,69.8,
,569.67,2680,569.67,23.3,569.67,1.02,568.78,13.7,568.78,17.3,568.92,14.194,568.92,20.0,569.07,3367,569.07,124,569.23,123.0,569.40,1120.0,569.52,27.2,
,570.78,2680,570.78,23.3,570.78,1.02,569.84,9.4,569.84,21.0,569.99,14.100,569.99,19.0,570.14,4658,570.14,124,570.29,123.0,570.47,1040.0,570.62,21.3,
,571.85,2680,571.85,24.8,571.85,1.28,570.93,9.4,570.93,21.0,571.09,14.194,571.09,19.0,571.25,5723,571.25,88,571.40,123.0,571.54,1020.0,571.70,25.2,
,572.91,2680,572.91,24.8,572.91,1.28,572.02,10.2,572.02,20.3,572.17,14.194,572.17,20.0,572.33,6761,572.33,88,572.48,123.0,572.62,1010.0,572.78,27.2,
,574.00,2720,574.00,25.6,574.00,1.28,573.06,10.2,573.06,20.3,573.20,14.194,573.20,20.0,573.34,7759,573.34,70,573.50,124.0,573.66,1020.0,573.83,27.2,
,575.02,2720,575.02,24.8,575.02,1.28,574.15,10.2,574.15,20.3,574.31,14.100,574.31,20.0,574.43,8859,574.43,70,574.61,124.0,574.73,1020.0,574.87,25.2,
,576.12,2720,576.12,21.8,576.12,1.02,575.19,9.8,575.19,20.3,575.34,14.194,575.34,20.0,575.49,9895,575.49,70,575.66,124.0,575.83,1010.0,575.98,17.5,
,577.15,2720,577.15,34.6,577.15,1.28,576.26,10.2,576.26,21.0,576.44,14.194,576.44,20.0,576.56,10898,576.56,70,576.70,125.0,576.84,1010.0,577.00,46.6,
,578.25,2760,578.25,39.8,578.25,1.28,577.30,12.9,577.30,18.0,577.47,14.288,577.47,20.0,577.64,12282,577.64,70,577.79,125.0,577.93,1060.0,578.07,58.2,
,579.28,2760,579.28,40.6,579.28,1.28,578.37,13.3,578.37,18.0,578.51,14.194,578.51,20.0,578.65,13855,578.65,88,578.81,126.0,578.97,1100.0,579.12,64.0,
,580.33,2760,580.33,40.6,580.33,1.28,579.42,13.7,579.42,18.0,579.57,14.194,579.57,20.0,579.72,15639,579.72,88,579.87,127.0,580.03,1120.0,580.17,62.1,
,581.36,2760,581.36,40.6,581.36,1.28,580.45,13.3,580.45,18.0,580.61,14.194,580.61,19.0,580.76,17390,580.76,120,580.90,127.0,581.04,1130.0,581.20,62.1,
,582.41,2760,582.41,11.3,582.41,0.51,581.48,13.3,581.48,18.0,581.64,14.194,581.64,19.0,581.81,19170,581.81,120,581.95,127.0,582.11,1080.0,582.23,0.0,
,583.39,2720,583.39,12.0,583.39,0.00,582.53,5.9,582.53,-6.8,582.67,14.194,582.67,18.0,582.81,19908,582.81,120,582.97,126.0,583.11,1010.0,583.25,0.0,
,584.48,2720,584.48,12.0,584.48,0.00,583.55,6.3,583.55,-11.3,583.71,14.194,583.71,19.0,583.86,19916,583.86,84,584.01,125.0,584.17,1010.0,584.32,0.0,
,585.53,2680,585.53,12.0,585.53,0.00,584.63,5.9,584.63,-11.3,584.79,14.194,584.79,20.0,584.93,19916,584.93,84,585.07,124.0,585.23,1010.0,585.37,0.0,
,586.59,2640,586.59,12.0,586.59,0.00,585.68,5.9,585.68,-11.3,585.82,14.194,585.82,20.0,585.98,19916,585.98,0,586.13,122.0,586.29,1010.0,586.42,0.0,
,587.62,2600,587.62,12.0,587.62,0.00,586.74,5.9,586.74,-11.3,586.89,14.194,586.89,21.0,587.04,19916,587.04,0,587.20,121.0,587.34,1010.0,587.48,0.0,
,588.69,2600,588.69,12.0,588.69,0.00,587.78,5.9,587.78,-10.5,587.93,14.288,587.93,21.0,588.10,19916,588.10,0,588.22,119.0,588.40,1010.0,588.55,0.0,
,589.74,2560,589.74,12.0,589.74,0.00,588.83,5.9,588.83,-10.5,588.99,14.194,588.99,21.0,589.15,19916,589.15,0,589.27,118.0,589.43,1010.0,589.60,0.0,
,590.76,2520,590.76,12.0,590.76,0.00,589.88,5.9,589.88,-10.5,590.02,14.194,590.02,21.0,590.18,19916,590.18,0,590.32,117.0,590.46,1010.0,590.60,0.0,
,591.82,2520,591.82,11.3,591.82,0.00,590.92,5.5,590.92,-9.8,591.07,14.194,591.07,21.0,591.24,19916,591.24,0,591.39,116.0,591.54,1010.0,591.68,0.0,
,592.87,2480,592.87,11.3,592.87,0.00,591.98,5.5,591.98,-9.8,592.12,14.194,592.12,21.0,592.28,19916,592.28,0,592.40,115.0,592.58,1010.0,592.73,0.0,
,593.94,2480,593.94,11.3,593.94,0.00,593.03,5.5,593.03,-9.8,593.17,14.194,593.17,21.0,593.33,19916,593.33,0,593.48,115.0,593.62,1010.0,593.78,0.0,
,595.00,2480,595.00,11.3,595.00,0.00,594.11,5.5,594.11,-9.8,594.25,14.194,594.25,21.0,594.41,19916,594.41,0,594.56,114.0,594.70,1010.0,594.84,0.0,
,596.06,2480,596.06,11.3,596.06,0.00,595.16,5.5,595.16,-9.8,595.31,14.194,595.31,21.0,595.45,19916,595.45,0,595.61,114.0,595.76,1010.0,595.92,0.0,
,597.12,2440,597.12,12.0,597.12,0.00,596.22,5.5,596.22,-9.0,596.36,14.194,596.36,21.0,596.51,19916,596.51,0,596.65,113.0,596.81,1010.0,596.97,0.0,
,598.15,2440,598.15,11.3,598.15,0.00,597.26,5.5,597.26,-9.0,597.42,14.194,597.42,21.0,597.56,19916,597.56,0,597.72,112.0,597.84,1010.0,598.02,0.0,
,599.21,2440,599.21,15.0,599.21,0.77,598.30,5.5,598.30,-8.3,598.45,14.194,598.45,21.0,598.61,19919,598.61,0,598.78,111.0,598.90,1000.0,599.05,0.0,
,600.24,2400,600.24,18.0,600.24,1.02,599.36,7.1,599.36,22.5,599.50,14.194,599.50,21.0,599.64,20471,599.64,0,599.82,111.0,599.95,990.0,600.09,5.8,
,601.31,2400,601.31,22.6,601.31,1.28,600.41,7.8,600.41,22.5,600.58,14.194,600.58,21.0,600.70,21247,600.70,18,600.86,110.0,601.03,990.0,601.17,17.5,
,602.36,2400,602.36,24.1,602.36,1.28,601.45,9.0,601.45,21.0,601.63,14.194,601.63,21.0,601.76,22235,601.76,18,601.90,110.0,602.05,1000.0,602.21,23.3,
,603.43,2400,603.43,26.3,603.43,1.28,602.50,9.4,602.50,20.3,602.65,14.194,602.65,21.0,602.82,23259,602.82,62,602.98,110.0,603.13,1000.0,603.27,27.2,
,604.49,2400,604.49,27.1,604.49,1.28,603.58,9.8,603.58,20.3,603.73,14.194,603.73,21.0,603.88,24265,603.88,62,604.04,109.0,604.19,1000.0,604.33,33.0,
,605.51,2400,605.51,29.3,605.51,1.53,604.63,9.8,604.63,20.3,604.77,14.194,604.77,21.0,604.90,25256,604.90,68,605.04,109.0,605.20,1010.0,605.35,33.0,
,606.60,2360,606.60,34.6,606.60,1.28,605.64,11.4,605.64,19.5,605.83,14.194,605.83,21.0,605.98,26371,605.98,68,606.14,109.0,606.31,1020.0,606.45,44.6,
,607.64,2400,607.64,36.1,607.64,1.28,606.74,11.8,606.74,17.3,606.88,14.194,606.88,21.0,607.04,27662,607.04,78,607.18,109.0,607.32,1040.0,607.46,50.4,
,608.70,2400,608.70,36.1,608.70,1.28,607.79,11.4,607.79,17.3,607.94,14.288,607.94,21.0,608.09,29014,608.09,78,608.25,109.0,608.41,1050.0,608.56,50.4,
,609.76,2360,609.76,15.0,609.76,0.51,608.86,11.4,608.86,17.3,609.01,14.194,609.01,21.0,609.18,30337,609.18,78,609.31,109.0,609.47,1050.0,609.62,25.2,
,610.83,2360,610.83,12.0,610.83,0.00,609.90,5.1,609.90,9.8,610.06,14.194,610.06,20.0,610.22,31296,610.22,90,610.34,109.0,610.50,1000.0,610.67,0.0,
,611.90,2320,611.90,12.0,611.90,0.00,611.00,5.1,611.00,-7.5,611.17,14.194,611.17,20.0,611.31,31404,611.31,90,611.45,107.0,611.59,1000.0,611.77,0.0,
,613.00,2280,613.00,12.0,613.00,0.00,612.05,5.1,612.05,-6.8,612.20,14.194,612.20,21.0,612.36,31404,612.36,22,612.53,106.0,612.66,1000.0,612.83,0.0,
,614.10,2280,614.10,12.0,614.10,0.00,613.15,5.1,613.15,-6.8,613.31,14.194,613.31,21.0,613.44,31404,613.44,22,613.63,105.0,613.78,1000.0,613.93,0.0,
,615.15,2240,615.15,12.0,615.15,0.00,614.25,5.1,614.25,-6.0,614.40,14.194,614.40,21.0,614.54,31404,614.54,0,614.68,104.0,614.84,1000.0,614.99,0.0,
,616.20,2200,616.20,12.0,616.20,0.00,615.29,5.1,615.29,-6.0,615.45,14.194,615.45,21.0,615.60,31404,615.60,0,615.74,102.0,615.90,1000.0,616.04,0.0,
,617.25,2200,617.25,12.0,617.25,0.00,616.35,5.1,616.35,-5.3,616.49,14.194,616.49,21.0,616.65,31404,616.65,0,616.79,101.0,616.93,1000.0,617.07,0.0,
,618.26,2160,618.26,12.0,618.26,0.00,617.38,5.1,617.38,-5.3,617.52,14.194,617.52,21.0,617.66,31404,617.66,0,617.82,100.0,617.96,1000.0,618.10,0.0,
,619.28,2120,619.28,12.0,619.28,0.00,618.40,5.1,618.40,-5.3,618.54,14.288,618.54,21.0,618.68,31404,618.68,0,618.82,99.0,618.98,1000.0,619.13,0.0,
,620.37,2120,620.37,12.0,620.37,0.00,619.43,5.1,619.43,-5.3,619.61,14.194,619.61,21.0,619.76,31404,619.76,0,619.92,98.0,620.09,1000.0,620.23,0.0,
,621.41,2120,621.41,19.5,621.41,1.02,620.51,5.1,620.51,-2.3,620.65,14.194,620.65,21.0,620.81,31452,620.81,0,620.96,97.0,621.13,990.0,621.25,1.9,
,622.43,2120,622.43,35.3,622.43,1.79,621.55,8.2,621.55,12.8,621.69,14.194,621.69,21.0,621.83,32033,621.83,8,621.99,96.0,622.15,990.0,622.27,38.8,
,623.46,2120,623.46,46.6,623.46,1.79,622.57,12.2,622.57,17.3,622.72,14.194,622.72,21.0,622.86,386,622.86,8,623.00,96.0,623.16,1020.0,623.30,77.6,
,624.51,2120,624.51,46.6,624.51,1.53,623.57,13.7,623.57,15.8,623.75,14.194,623.75,21.0,623.90,2000,623.90,86,624.05,97.0,624.20,1070.0,624.36,77.6,
,625.55,2120,625.55,47.4,625.55,1.53,624.65,13.3,624.65,15.8,624.79,14.100,624.79,21.0,624.95,3540,624.95,86,625.09,97.0,625.23,1090.0,625.37,77.6,
,626.56,2160,626.56,36.1,626.56,1.53,625.67,13.3,625.67,15.8,625.83,14.100,625.83,20.0,625.98,5119,625.98,86,626.14,98.0,626.28,1090.0,626.42,40.7,
,627.63,2160,627.63,38.3,627.63,1.28,626.72,11.0,626.72,17.3,626.87,14.194,626.87,20.0,627.02,6394,627.02,108,627.17,98.0,627.33,1050.0,627.46,60.1,
,628.68,2160,628.68,40.6,628.68,1.53,627.78,11.4,627.78,17.3,627.94,14.194,627.94,20.0,628.08,7689,628.08,108,628.22,98.0,628.36,1050.0,628.52,62.1,
,629.74,2160,629.74,39.8,629.74,1.28,628.83,11.8,628.83,16.5,628.97,14.288,628.97,20.0,629.13,8988,629.13,86,629.28,99.0,629.44,1050.0,629.56,62.1,
,630.80,2160,630.80,45.9,630.80,1.53,629.90,11.8,629.90,16.5,630.05,14.100,630.05,20.0,630.21,10374,630.21,86,630.35,99.0,630.51,1060.0,630.66,69.8,
,631.88,2200,631.88,48.1,631.88,1.53,630.96,12.5,630.96,15.8,631.12,14.194,631.12,20.0,631.29,11859,631.29,94,631.46,99.0,631.60,1080.0,631.74,79.5,
,632.94,2200,632.94,49.6,632.94,1.53,632.06,13.3,632.06,15.8,632.18,14.194,632.18,20.0,632.33,13445,632.33,94,632.48,100.0,632.64,1100.0,632.79,85.4,
,634.00,2240,634.00,51.9,634.00,1.53,633.09,13.7,633.09,15.8,633.25,14.006,633.25,20.0,633.41,15179,633.41,110,633.56,101.0,633.70,1120.0,633.88,87.3,
,635.07,2240,635.07,53.4,635.07,1.53,634.14,14.1,634.14,15.0,634.28,14.194,634.28,20.0,634.44,16875,634.44,110,634.60,102.0,634.75,1140.0,634.92,91.2,
,636.08,2280,636.08,53.4,636.08,1.53,635.22,14.5,635.22,15.0,635.36,14.194,635.36,19.0,635.50,18800,635.50,110,635.66,103.0,635.80,1150.0,635.95,91.2,
,637.13,2280,637.13,53.4,637.13,1.53,636.24,14.5,636.24,15.0,636.38,14.194,636.38,19.0,636.52,20603,636.52,124,636.66,104.0,636.82,1150.0,636.99,91.2,
,638.18,2320,638.18,53.4,638.18,1.53,637.27,14.5,637.27,15.0,637.43,14.100,637.43,19.0,637.58,22532,637.58,124,637.72,105.0,637.86,1160.0,638.05,91.2,
,639.20,2320,639.20,52.6,639.20,1.53,638.32,14.5,638.32,15.0,638.46,14.288,638.46,19.0,638.62,24395,638.62,128,638.76,106.0,638.90,1160.0,639.04,91.2,
,640.21,2360,640.21,55.6,640.21,1.53,639.35,14.5,639.35,15.0,639.49,14.194,639.49,18.0,639.63,26299,639.63,128,639.79,107.0,639.93,1170.0,640.07,95.1,
,641.29,2360,641.29,55.6,641.29,1.53,640.39,14.9,640.39,15.0,640.53,14.288,640.53,18.0,640.68,28265,640.68,132,640.82,108.0,640.98,1180.0,641.16,95.1,
,642.32,2400,642.32,54.9,642.32,1.53,641.43,14.9,641.43,15.0,641.59,14.288,641.59,18.0,641.74,30304,641.74,132,641.88,109.0,642.02,1180.0,642.18,93.1,
,643.34,2400,643.34,54.9,643.34,1.53,642.46,14.9,642.46,15.8,642.60,14.288,642.60,18.0,642.76,32275,642.76,132,642.90,110.0,643.04,1180.0,643.20,93.1,
,644.37,2440,644.37,54.1,644.37,1.53,643.50,14.9,643.50,15.8,643.65,14.194,643.65,18.0,643.79,1491,643.79,140,643.95,111.0,644.09,1180.0,644.23,93.1,
,645.40,2440,645.40,54.1,645.40,1.53,644.55,14.5,644.55,15.8,644.68,14.288,644.68,18.0,644.82,3509,644.82,140,644.96,112.0,645.12,1180.0,645.26,91.2,
,646.45,2480,646.45,53.4,646.45,1.53,645.56,14.9,645.56,15.8,645.70,14.194,645.70,18.0,645.85,5513,645.85,138,646.00,113.0,646.14,1190.0,646.30,91.2,
,647.48,2480,647.48,53.4,647.48,1.53,646.61,14.5,646.61,15.8,646.73,14.100,646.73,18.0,646.89,7541,646.89,138,647.03,114.0,647.17,1190.0,647.32,93.1,
,648.57,2520,648.57,42.9,648.57,1.28,647.65,14.9,647.65,16.5,647.80,14.194,647.80,18.0,647.95,9629,647.95,140,648.12,115.0,648.27,1190.0,648.43,69.8,
,649.62,2520,649.62,26.3,649.62,1.02,648.73,12.9,648.73,17.3,648.88,14.288,648.88,18.0,649.03,11481,649.03,140,649.20,115.0,649.34,1140.0,649.48,42.7,
,650.65,2520,650.65,43.6,650.65,1.28,649.76,10.2,649.76,19.5,649.91,14.288,649.91,18.0,650.06,12924,650.06,140,650.22,115.0,650.34,1080.0,650.52,69.8,
,651.72,2520,651.72,42.9,651.72,1.28,650.79,13.3,650.79,17.3,650.94,14.288,650.94,18.0,651.11,14576,651.11,114,651.28,116.0,651.40,1110.0,651.55,67.9,
,652.81,2560,652.81,30.8,652.81,1.28,651.87,12.9,651.87,17.3,652.02,14.194,652.02,18.0,652.17,16270,652.17,114,652.35,116.0,652.50,1120.0,652.66,46.6,
,653.89,2560,653.89,32.3,653.89,1.53,652.97,10.6,652.97,19.5,653.13,14.100,653.13,18.0,653.28,17831,653.28,114,653.42,117.0,653.58,1070.0,653.73,40.7,
,654.96,2560,654.96,45.9,654.96,1.28,654.04,11.4,654.04,18.0,654.21,14.194,654.21,18.0,654.36,19198,654.36,114,654.50,117.0,654.66,1080.0,654.80,75.7,
,656.03,2520,656.03,14.3,656.03,0.51,655.11,13.7,655.11,17.3,655.25,14.194,655.25,18.0,655.41,20870,655.41,96,655.56,117.0,655.72,1130.0,655.87,1.9,
,657.05,2520,657.05,11.3,657.05,0.00,656.17,5.1,656.17,6.8,656.31,14.194,656.31,18.0,656.47,21903,656.47,96,656.61,116.0,656.77,1010.0,656.91,0.0,
,658.10,2480,658.10,12.8,658.10,0.77,657.21,5.5,657.21,-9.8,657.35,14.194,657.35,18.0,657.49,21972,657.49,52,657.63,114.0,657.81,1000.0,657.96,0.0,
,659.16,2480,659.16,24.1,659.16,1.53,658.24,7.5,658.24,23.3,658.40,14.194,658.40,18.0,658.57,22477,658.57,52,658.72,113.0,658.86,1000.0,659.02,21.3,
,660.20,2440,660.20,27.8,660.20,1.53,659.30,10.2,659.30,20.3,659.44,14.100,659.44,19.0,659.62,23446,659.62,52,659.74,113.0,659.88,1000.0,660.03,31.0,
,661.24,2440,661.24,27.1,661.24,1.28,660.36,10.2,660.36,19.5,660.48,14.288,660.48,19.0,660.64,24594,660.64,50,660.78,112.0,660.94,1010.0,661.09,31.0,
,662.29,2440,662.29,27.1,662.29,1.28,661.41,9.8,661.41,19.5,661.56,14.288,661.56,19.0,661.70,25728,661.70,50,661.84,112.0,662.00,1020.0,662.14,31.0,
,663.32,2440,663.32,27.8,663.32,1.28,662.46,9.8,662.46,19.5,662.60,14.194,662.60,19.0,662.74,26757,662.74,76,662.88,112.0,663.02,1020.0,663.18,31.0,
,664.35,2440,664.35,27.8,664.35,1.28,663.48,9.8,663.48,19.5,663.60,14.194,663.60,19.0,663.78,27770,663.78,76,663.91,112.0,664.05,1020.0,664.19,31.0,
,665.35,2440,665.35,27.8,665.35,1.28,664.49,9.4,664.49,19.5,664.63,14.288,664.63,19.0,664.79,28774,664.79,70,664.93,112.0,665.07,1020.0,665.21,31.0,
,666.44,2440,666.44,27.1,666.44,1.28,665.51,9.8,665.51,19.5,665.66,14.194,665.66,19.0,665.83,29807,665.83,70,665.96,112.0,666.14,1020.0,666.29,29.1,
,667.52,2440,667.52,27.8,667.52,1.28,666.61,9.8,666.61,20.3,666.76,14.194,666.76,19.0,666.92,30910,666.92,72,667.07,112.0,667.21,1020.0,667.37,31.0,
,668.55,2480,668.55,27.8,668.55,1.28,667.68,9.4,667.68,19.5,667.82,14.194,667.82,19.0,667.97,31951,667.97,72,668.11,113.0,668.25,1020.0,668.39,31.0,
,669.60,2480,669.60,28.6,669.60,1.28,668.71,9.8,668.71,19.5,668.86,14.194,668.86,19.0,669.00,218,669.00,72,669.16,113.0,669.31,1020.0,669.47,33.0,
,670.75,2480,670.75,29.3,670.75,1.28,669.77,9.8,669.77,19.5,669.93,14.288,669.93,19.0,670.08,1325,670.08,72,670.25,113.0,670.41,1020.0,670.61,34.9,
,671.77,2480,671.77,29.3,671.77,1.53,670.91,10.2,670.91,19.5,671.05,14.288,671.05,19.0,671.19,2493,671.19,72,671.33,113.0,671.49,1030.0,671.64,34.9,
